Month,Leisure,Liquid,Rent,Price,Kerosene heater,Public health,Mixture,Gas cylinder,Filling station,State of emergency,Gasoline,Pressure,Petroleum industry,Lagos,Tecno,Drug,Flight,Made In China,Emergency management,Cooking,Management,Gas,Nigerian cuisine,Hyperinflation,Recreation,Fare,Meter,Cost,Import,Personal identification number,Natural environment,Unemployment,Natural gas,Credit,Printing,Economics,Recipe,Ideal gas law,Emirates Telecom,Pump,Rice,Code,Petroleum,used,Globacom Limited,Used good,Textile,Savings,Electricity meter,Data plan,Oil,Emergency,Bharti Airtel,Wealth,Drill,Rechargeable calling card,Stove,Dance,Policy,iPhone,China,Clothing,Investment,Economy,Refurbishment,Drinking water,MTN Group,Fried rice,Food prices,Cylinder,Footwear,Gas stove,Inflation rate,Car,Health,Jollof rice,Water,Emergency contraception,Data,Temperature,Outdoor recreation,Diesel fuel,Kitchen stove,Charcoal,Deflation,Health education,Liter,Business,Inflation,Borehole,Fuel,Industry,Health care,Passport,Tourism,Immigration,Sports betting,State,Abuja,Gambling,Do it yourself,Fee,Monetary policy,Infinix,Cook,Technology,Electricity,School,Kerosene,Samsung Galaxy,Airplane,University,Goods,Toyota,Food,Rate,Cost of living,Samsung,cheap,Health insurance,Tuition payments,Shoes,Budget,Mental health,Soup,Emergency telephone number
2011-01,0,51,99,37,0,100,32,0,22,0,37,35,22,73,4,34,83,0,58,32,87,53,26,0,87,100,25,80,79,19,76,59,83,86,52,55,53,79,37,81,11,41,79,60,49,0,37,67,0,4,58,18,48,19,77,48,0,40,72,25,56,57,39,70,85,24,71,16,0,15,84,0,62,98,82,0,39,0,33,37,0,88,32,62,0,52,21,99,66,80,3,86,73,56,97,20,2,29,89,1,24,42,74,0,0,90,52,84,51,18,7,75,66,97,53,32,0,49,99,23,61,86,63,37,19,0
2011-02,43,63,90,35,0,76,29,0,17,0,37,61,23,77,5,37,80,60,47,25,100,62,19,0,96,65,28,84,94,18,91,78,87,93,48,69,53,65,38,89,11,41,85,63,47,0,45,88,0,4,64,15,39,22,97,67,0,33,98,22,57,61,41,88,87,52,63,18,0,15,94,0,0,90,90,0,52,0,37,45,0,87,25,36,0,60,29,99,73,62,4,93,79,48,100,21,2,31,81,5,27,38,85,0,0,95,62,75,60,19,7,67,72,96,52,35,92,49,95,19,49,86,71,36,17,0
2011-03,24,56,96,35,0,81,36,0,0,0,38,62,38,87,5,38,96,75,100,29,96,64,22,0,66,65,28,83,100,17,100,89,100,99,53,65,52,50,48,100,14,42,100,67,84,37,39,65,0,3,66,17,41,20,100,82,0,36,95,23,55,53,38,81,58,33,62,12,0,22,85,0,0,89,89,0,55,0,39,44,0,96,34,44,55,57,33,93,84,82,3,98,83,60,99,20,2,32,81,1,32,42,83,0,11,97,63,78,55,25,8,60,71,90,57,35,46,50,97,32,48,87,66,31,18,0
2011-04,23,50,91,36,0,86,30,0,22,0,37,46,23,84,4,34,100,88,59,32,84,55,32,0,92,59,21,77,74,20,81,87,90,85,45,59,57,54,44,97,11,39,74,61,51,0,39,64,0,7,58,16,41,19,68,85,0,38,68,22,52,60,37,70,82,35,58,23,0,24,71,30,0,100,77,0,46,0,35,36,0,89,37,100,0,44,29,88,77,53,4,82,77,47,98,20,2,34,77,1,40,35,87,0,0,82,54,69,43,27,7,54,58,90,52,32,55,52,98,25,43,88,52,20,19,0
2011-05,34,62,96,36,0,80,31,0,26,0,38,54,30,86,5,36,91,78,59,24,93,63,23,0,81,65,26,88,84,23,95,79,88,95,48,68,53,0,54,82,12,41,80,66,53,0,38,47,0,7,61,16,39,18,91,82,55,40,91,24,56,56,38,88,66,37,59,11,0,24,60,0,0,93,92,0,51,0,39,40,0,100,45,44,0,63,31,97,86,84,3,95,86,48,99,20,2,30,73,1,28,39,100,0,11,92,65,82,97,28,9,59,55,100,56,33,60,53,92,25,44,97,59,30,23,0
2011-06,0,58,100,39,0,83,36,0,19,0,38,55,26,85,6,38,86,52,83,24,92,62,31,0,76,83,26,87,95,20,94,72,85,100,54,65,53,75,67,90,14,38,76,63,55,0,34,59,0,9,61,17,48,18,99,73,38,37,100,24,57,56,39,78,60,38,57,16,0,20,77,43,86,92,86,0,54,0,41,38,0,89,49,65,0,72,34,100,100,59,4,100,79,51,91,19,2,29,100,1,28,39,92,0,0,95,66,78,95,29,7,59,70,93,56,33,93,50,96,28,41,96,62,25,17,0
2011-07,20,56,96,37,0,70,40,22,24,0,36,53,35,100,7,36,96,54,43,27,91,51,19,0,93,69,24,83,99,21,81,77,85,96,51,60,49,66,58,94,11,40,84,60,59,0,38,82,0,9,61,12,39,20,95,88,0,36,91,23,60,57,41,74,60,41,60,16,0,16,100,0,75,87,88,0,51,0,38,35,0,78,28,50,0,56,24,93,89,100,4,96,76,50,87,20,2,27,83,0,27,44,89,0,8,100,63,72,83,34,7,86,46,93,53,33,58,55,88,28,44,91,62,29,16,0
2011-08,25,60,85,37,0,73,28,0,25,0,32,52,24,94,6,31,82,100,54,29,92,51,21,0,52,52,21,76,70,21,78,65,78,96,52,56,57,0,59,83,10,38,70,55,60,29,35,58,0,9,58,15,35,20,87,70,52,37,86,23,54,57,35,71,72,27,66,15,0,12,98,24,50,89,85,0,39,0,35,34,0,73,43,58,0,46,24,91,58,67,3,86,74,52,90,17,2,23,99,1,31,40,90,0,10,93,52,71,49,35,6,100,54,85,51,34,75,56,88,36,36,96,50,29,18,0
2011-09,0,42,82,37,0,67,46,20,25,0,34,49,20,99,8,33,86,0,86,27,84,52,25,0,77,72,26,77,76,25,83,78,80,93,50,60,58,49,73,92,10,38,69,57,77,0,34,56,0,10,56,17,33,20,99,80,0,44,81,25,57,66,36,69,81,38,67,34,0,26,74,0,0,95,87,0,42,0,39,33,0,99,32,54,0,46,26,90,75,70,3,85,75,46,89,19,3,27,89,1,35,41,73,0,18,99,57,74,43,39,7,88,72,92,53,33,60,63,100,32,41,95,51,27,16,0
2011-10,23,50,80,35,0,59,31,0,31,0,37,51,23,87,7,45,91,0,65,28,81,55,32,0,73,69,23,76,95,26,78,69,74,89,50,53,62,47,89,86,12,39,73,60,65,0,35,52,0,12,58,18,34,21,92,62,0,42,81,36,57,62,35,74,100,36,67,25,0,29,0,0,0,86,91,0,43,0,39,36,0,63,50,50,0,56,25,92,64,45,7,79,70,53,91,17,3,27,79,1,27,45,75,0,8,92,56,64,53,45,7,75,61,92,53,38,96,68,86,25,39,97,41,38,22,0
2011-11,0,64,67,32,0,61,33,0,28,0,37,53,22,83,8,39,90,43,71,25,87,48,28,0,78,58,24,79,77,19,79,69,64,79,51,58,51,63,100,92,12,36,67,58,61,37,38,49,0,14,61,13,37,20,86,66,40,36,75,26,51,61,35,74,56,38,69,17,0,24,55,0,49,84,82,11,48,0,37,39,0,91,33,60,0,73,28,85,75,47,8,82,73,42,88,14,2,26,71,1,29,39,63,0,9,85,53,59,63,43,7,64,57,86,55,32,49,57,75,26,41,93,44,26,17,0
2011-12,14,42,43,26,0,45,30,14,19,16,31,40,16,59,7,33,61,28,27,21,53,32,16,0,43,55,19,64,52,17,48,50,44,65,30,47,38,23,90,64,10,30,52,46,68,0,27,41,0,19,48,23,43,16,68,81,21,32,49,19,39,42,23,56,0,23,62,38,0,15,87,30,28,66,62,13,39,42,31,30,0,50,26,33,0,39,24,61,59,26,10,60,54,27,54,9,2,26,67,1,25,40,50,0,9,60,40,49,51,38,5,52,39,76,39,25,57,54,60,17,32,71,66,21,16,0
2012-01,15,45,42,37,0,54,33,12,21,31,100,32,28,57,7,35,48,49,26,21,44,35,24,0,49,56,16,68,50,17,42,37,46,58,30,41,36,50,84,78,8,27,76,43,65,20,23,37,0,17,58,35,36,15,60,97,29,26,43,18,35,40,19,53,47,20,53,16,0,16,69,25,40,55,60,0,34,54,26,26,0,58,27,38,18,45,60,55,51,34,100,55,48,29,50,12,2,35,49,0.5,27,36,31,0,10,56,38,53,63,32,6,48,40,68,39,24,58,47,56,19,34,55,77,21,16,0
2012-02,22,70,44,25,0,58,46,11,25,0,33,54,23,58,6,41,47,40,46,21,73,51,25,0,71,47,24,74,62,19,79,71,57,67,35,65,36,60,77,62,10,26,60,52,58,20,30,65,0,16,57,14,33,15,82,85,26,31,67,17,39,45,25,78,47,30,51,20,0,22,51,18,38,61,77,7,50,0,36,43,0,64,26,35,39,70,24,75,82,46,18,75,68,30,68,13,2,35,56,1,25,43,62,0,11,74,55,59,57,31,5,48,67,72,50,26,40,46,56,23,31,58,53,38,18,0
2012-03,18,69,46,24,0,53,53,10,20,3,32,58,23,55,6,43,45,36,53,20,77,56,23,0,75,47,23,78,61,17,87,87,49,65,35,77,32,88,87,60,11,27,55,57,57,23,29,58,0,19,52,14,42,18,76,83,41,33,89,16,38,42,26,88,38,35,50,22,0,27,39,0,45,58,76,13,55,0,41,50,0,55,26,32,29,87,24,82,79,45,12,77,79,27,74,13,2,39,48,1,25,28,83,0,11,75,53,56,60,37,7,39,69,69,49,26,49,45,52,23,21,55,59,34,17,0
2012-04,24,68,45,24,0,49,53,14,18,0,28,53,21,54,7,42,45,21,34,21,73,51,22,0,59,45,21,79,56,19,76,65,51,66,33,100,30,72,80,63,10,26,54,52,51,0,27,52,0,20,47,13,35,16,69,90,34,35,82,16,35,39,25,100,37,30,79,19,100,22,49,20,40,60,71,13,49,0,38,41,0,54,23,46,34,67,22,76,82,45,9,72,65,23,63,11,2,33,57,1,23,33,60,0,11,73,51,59,93,34,6,44,67,68,50,28,40,45,54,17,25,57,52,29,17,0
2012-05,21,81,45,25,0,53,37,8,16,0,28,56,15,62,7,46,43,22,42,20,72,51,23,0,75,44,24,74,54,17,80,73,56,72,33,69,34,64,68,62,11,28,52,57,55,19,26,56,0,18,54,13,37,17,78,87,38,35,83,15,36,41,25,84,22,30,65,14,0,28,63,15,48,58,78,9,59,0,37,48,0,54,29,44,20,70,26,76,79,52,7,76,74,24,68,10,2,37,48,1,24,31,68,0,10,71,60,65,43,42,6,47,65,65,48,26,44,48,50,19,26,56,54,29,19,0
2012-06,22,71,51,25,0,42,65,0,23,5,24,45,21,77,7,43,41,26,47,19,67,47,23,0,84,34,21,68,50,20,73,85,48,62,32,72,33,78,89,55,11,26,47,55,52,16,27,64,0,22,48,17,36,17,54,81,38,33,76,15,37,41,24,77,35,23,56,14,0,21,36,22,30,57,75,9,50,0,37,54,0,52,29,40,26,74,22,69,84,44,7,74,91,26,54,10,2,38,53,1,26,33,58,0,11,70,54,57,62,53,100,58,57,61,44,29,49,50,48,20,26,50,45,22,18,0
2012-07,17,71,51,28,0,49,48,9,13,3,30,48,23,59,8,41,43,27,44,21,65,45,20,0,64,50,21,73,59,19,69,63,51,60,31,53,37,54,90,60,10,30,50,54,59,15,26,51,30,26,46,15,39,16,69,83,27,35,69,18,38,41,29,71,25,27,68,22,0,24,36,23,42,63,73,10,47,0,39,42,0,56,30,37,42,62,23,72,90,41,5,74,82,25,62,10,2,35,57,1,22,35,78,0,10,68,54,63,49,65,9,49,53,67,47,27,53,56,57,19,27,59,45,28,22,0
2012-08,0,50,50,28,0,36,42,0,18,0,25,51,19,61,8,39,43,27,45,23,62,40,24,0,69,41,25,68,54,20,65,65,47,63,33,44,36,40,73,63,9,30,43,48,51,19,30,57,0,26,45,11,40,15,75,100,37,33,68,18,40,44,28,60,37,27,64,22,0,20,53,24,28,59,68,13,45,0,36,33,0,48,36,40,22,60,20,68,73,38,5,77,74,27,59,10,2,31,51,1,24,37,68,0,11,69,47,57,43,69,7,44,46,62,45,25,43,61,57,19,28,57,43,21,21,0
2012-09,14,52,51,29,0,46,42,12,18,0,26,50,18,60,8,43,49,19,41,24,65,50,22,0,66,44,23,71,51,19,76,62,48,66,35,56,38,59,74,68,12,32,52,60,50,13,30,53,33,30,54,13,42,15,66,91,33,41,79,27,41,48,27,69,27,30,69,18,0,16,47,18,51,62,79,9,51,0,44,35,0,59,33,46,21,100,23,72,96,40,5,70,80,26,59,10,3,34,58,1,24,46,72,0,12,73,62,66,49,66,8,45,57,63,44,25,34,62,61,20,29,58,41,28,25,0
2012-10,20,55,51,28,0,41,59,12,14,0,29,46,18,62,7,43,46,33,37,23,58,43,32,0,53,43,24,70,61,18,64,71,46,63,36,51,39,51,67,55,12,32,51,54,46,17,34,55,39,32,48,14,44,16,60,81,29,36,62,21,38,51,25,67,36,37,58,18,0,21,37,28,42,60,72,13,50,47,42,33,0,51,35,44,0,76,22,71,66,44,4,70,66,29,63,11,3,35,54,1,31,49,64,0,12,71,49,58,43,69,11,43,50,68,51,24,48,65,62,23,30,60,62,28,22,0
2012-11,22,56,45,30,0,50,55,13,17,0,25,47,19,66,9,40,46,36,55,23,61,41,30,0,70,40,26,74,61,17,67,63,50,64,34,52,41,47,63,67,12,31,53,56,41,21,29,60,36,34,52,13,45,16,60,76,28,34,61,21,38,49,25,60,48,48,56,20,0,23,60,30,28,60,74,8,47,0,39,41,0,50,36,37,30,69,25,69,53,43,5,64,78,27,62,12,3,37,60,1,31,46,48,0,14,64,45,57,41,84,9,43,52,73,47,24,48,67,58,22,27,65,50,27,24,0
2012-12,14,42,44,29,0,40,38,0,21,0,26,41,11,63,14,34,46,34,36,24,49,34,21,0,37,39,21,61,56,18,53,48,44,61,33,44,39,31,69,61,11,32,42,46,46,12,30,42,45,38,43,12,42,15,59,72,25,36,48,23,36,48,24,47,32,24,57,35,0,15,55,26,26,62,61,13,38,0,40,31,0,42,35,23,31,44,20,55,46,45,4,52,53,26,59,13,3,26,52,1,26,38,39,0,9,54,37,51,31,87,13,37,44,70,41,21,43,78,56,15,23,66,46,19,19,0
2013-01,16,61,55,31,0,48,42,13,22,0,29,51,17,66,18,40,47,0,39,22,58,45,30,0,76,39,25,70,70,18,61,57,55,66,37,53,38,77,63,71,11,31,49,49,46,14,29,54,0,39,48,14,45,14,70,79,25,34,53,24,40,51,25,55,42,32,46,18,0,22,65,29,41,73,71,8,49,0,43,42,0,68,36,42,14,73,25,72,47,52,4,64,65,27,62,18,3,32,53,1,28,40,42,0,12,61,51,60,50,82,7,41,52,85,44,26,36,71,65,22,28,61,51,26,22,0
2013-02,24,68,60,33,0,51,58,13,19,0,27,54,18,69,21,44,48,0,52,25,71,51,30,0,100,48,30,79,72,17,76,88,60,69,37,60,42,88,63,77,12,32,52,55,46,17,34,63,40,44,54,13,49,15,89,77,26,34,75,22,38,53,27,67,27,48,51,20,0,29,52,22,53,67,75,11,57,0,45,49,0,81,30,48,28,70,24,76,63,43,4,76,68,31,69,14,3,37,60,1,30,34,54,1,11,72,55,56,54,83,6,33,70,78,52,28,38,72,60,24,21,64,64,31,24,0
2013-03,19,67,57,31,0,49,57,8,21,0,26,58,16,67,27,39,52,32,45,23,65,49,29,0,66,50,26,75,66,19,72,63,58,74,35,55,42,73,63,68,12,33,48,60,44,15,32,59,44,44,55,13,50,15,77,71,27,33,69,21,46,50,26,63,40,36,56,24,0,26,45,32,42,68,70,13,52,0,49,43,0,64,29,37,22,57,26,77,61,52,4,71,73,28,65,11,3,35,54,1,30,29,58,4,14,62,49,54,42,100,7,30,67,78,48,27,57,80,63,20,22,64,54,25,23,0
2013-04,20,78,51,32,0,46,49,7,19,0,26,54,18,68,37,39,47,27,45,24,60,59,24,100,58,35,27,75,65,18,64,57,54,77,35,64,38,100,69,70,11,34,47,63,47,18,31,56,0,48,52,14,55,15,69,87,38,35,69,21,39,51,27,66,43,31,70,23,0,26,50,23,49,66,78,13,50,36,49,41,0,66,34,51,19,72,27,73,81,42,4,72,66,31,59,11,4,31,51,1,31,33,51,7,15,61,50,57,48,85,6,31,60,74,48,26,40,79,64,21,22,63,42,26,23,0
2013-05,23,63,51,32,0,47,35,6,16,100,24,46,14,60,46,42,46,29,40,24,56,42,28,0,63,39,26,68,60,20,64,59,48,68,36,45,38,61,74,64,11,32,43,62,48,16,30,64,54,49,49,100,50,14,67,73,40,36,60,20,39,50,26,58,36,30,71,20,0,27,46,21,31,65,77,10,49,46,49,37,0,49,38,36,16,56,26,65,62,40,3,57,59,28,57,10,4,45,53,1,32,45,45,8,14,56,52,63,65,76,7,44,57,71,49,25,50,78,64,20,30,59,34,29,26,0
2013-06,19,60,48,34,0,42,45,12,29,20,29,45,13,65,66,41,49,26,39,24,53,44,32,0,52,39,23,75,68,19,66,65,53,77,34,49,37,47,88,62,12,34,45,63,46,23,33,63,42,53,47,28,60,14,66,87,27,40,62,21,37,50,25,59,36,30,76,18,0,31,33,26,46,70,76,16,48,0,52,36,0,44,33,29,61,59,25,62,77,37,3,59,55,30,57,13,3,36,59,1,36,37,47,8,14,59,63,63,43,83,9,41,60,76,47,27,49,84,67,21,26,65,35,27,23,0
2013-07,17,51,54,37,0,38,46,10,20,9,28,41,13,66,76,37,54,23,44,22,46,35,27,0,41,46,24,62,63,20,44,43,51,70,35,36,40,45,99,57,11,37,42,51,49,23,29,47,32,70,52,19,74,14,75,94,26,35,48,22,38,48,22,44,49,76,97,20,0,17,50,29,28,70,67,12,41,28,61,31,0,47,39,29,17,45,23,59,55,30,3,51,49,29,84,11,2,28,59,1,34,39,35,9,11,53,62,61,55,92,7,43,44,73,43,25,27,90,72,22,27,68,29,18,25,0
2013-08,15,44,50,34,0,31,37,12,15,5,21,44,10,68,77,34,54,28,33,23,45,32,28,0,33,52,23,59,58,19,44,38,43,68,31,32,40,33,88,56,10,35,37,51,54,14,29,42,0,68,43,15,73,13,60,91,39,38,39,19,38,50,19,32,40,23,89,20,0,18,44,23,24,67,65,12,33,24,60,26,0,46,40,27,0,47,19,56,41,37,2,46,38,28,46,9,4,24,57,1,36,40,31,9,15,50,47,56,42,84,9,39,44,71,40,22,41,92,78,21,27,68,27,17,27,0
2013-09,12,49,50,36,0,34,44,13,13,3,25,38,10,64,78,36,51,34,31,24,45,34,29,0,34,44,24,62,59,21,45,42,49,69,33,34,40,23,86,63,11,35,38,56,54,13,36,40,27,69,46,12,64,13,64,79,33,45,39,33,37,53,22,42,23,34,73,27,0,15,45,37,22,70,63,12,39,29,60,28,0,45,38,33,14,54,24,58,43,31,3,52,43,29,52,100,4,26,65,1,35,44,28,11,16,52,43,60,37,83,8,36,46,79,45,25,44,92,75,20,29,72,25,18,26,0
2013-10,16,45,44,36,0,36,55,13,14,2,24,42,10,81,88,40,54,22,29,25,42,36,35,0,45,52,25,61,65,28,44,44,48,72,32,35,43,39,82,60,11,34,38,54,54,20,32,50,0,73,44,13,72,15,65,86,48,45,36,27,37,55,19,43,34,47,74,28,0,20,41,35,30,70,66,15,38,35,64,31,0,53,45,33,16,69,23,58,38,36,3,50,46,26,57,80,5,30,60,1,39,44,22,12,16,50,42,55,51,86,73,32,52,69,46,26,45,95,72,19,28,69,27,21,30,0
2013-11,15,52,44,39,0,35,49,6,16,5,23,45,10,69,100,40,54,15,23,25,42,35,32,0,50,39,27,65,69,32,43,46,48,68,35,35,43,37,78,57,12,34,38,50,59,18,32,51,38,82,47,14,69,14,60,69,33,41,36,24,37,56,18,36,27,31,73,24,0,17,51,39,24,71,66,18,41,28,77,32,0,49,41,35,40,59,26,59,39,36,3,47,50,29,57,32,6,29,62,1,39,45,27,13,18,52,44,52,50,91,8,32,48,75,44,23,45,96,74,19,28,71,29,20,30,0
2013-12,23,44,63,42,0,23,30,11,27,1,25,38,5,50,67,29,52,15,16,38,27,29,26,0,31,73,22,54,49,44,26,28,31,69,24,20,100,29,74,51,12,30,24,42,42,84,30,45,41,76,34,13,57,11,45,57,42,53,24,28,29,68,15,22,31,20,59,51,68,15,74,32,22,79,44,20,35,95,60,48,46,56,44,23,10,22,28,40,27,19,2,29,34,26,43,13,5,18,42,1,41,36,16,10,18,28,33,44,35,99,8,25,32,62,41,21,29,90,78,14,21,80,27,17,36,0
2014-01,29,52,84,43,0,33,42,14,25,3,29,49,9,52,50,34,50,14,22,36,38,37,28,0,52,73,28,61,55,45,40,47,36,69,30,31,86,41,60,57,13,30,29,48,42,100,32,61,35,69,39,14,53,12,56,55,44,44,37,25,29,67,16,32,27,100,50,26,0,20,62,29,25,86,59,16,47,100,57,58,39,63,51,31,10,40,29,51,35,27,2,35,40,33,49,13,5,21,45,1,37,40,28,8,17,37,40,61,37,87,7,29,43,75,51,24,35,81,76,17,23,76,41,23,36,0
2014-02,34,58,80,42,0,33,49,12,29,3,33,59,10,56,44,39,46,12,32,34,41,42,24,0,65,71,30,65,57,43,50,55,39,69,29,39,79,41,59,58,13,31,31,53,40,100,34,62,39,65,43,18,50,14,76,59,48,45,48,23,28,62,19,42,34,34,52,23,0,22,69,29,37,81,64,15,53,73,62,53,84,64,45,33,15,41,31,55,52,37,3,44,44,34,65,11,6,26,53,1,38,37,39,6,18,41,47,56,68,84,8,24,52,67,57,25,30,79,74,19,20,77,44,32,37,0
2014-03,31,59,71,41,0,32,48,12,30,2,31,53,8,56,41,35,67,13,36,34,40,44,30,0,52,67,31,62,58,42,45,66,38,72,30,36,81,55,62,66,13,29,29,53,37,96,32,60,42,70,43,17,49,12,64,54,43,47,41,21,30,64,18,38,26,31,49,23,49,25,60,31,37,77,61,16,53,87,59,50,58,64,47,33,13,37,34,51,47,33,5,41,48,37,62,66,6,23,52,1,38,31,37,8,19,38,43,54,47,82,52,22,45,66,51,25,39,80,71,20,19,75,39,28,36,0
2014-04,30,51,71,43,0,33,36,11,23,4,27,53,8,57,41,33,61,19,27,34,37,43,22,0,53,71,29,57,56,50,40,50,36,82,29,35,75,45,66,62,12,31,28,53,49,84,34,54,29,83,43,16,53,12,60,52,33,56,37,21,27,61,17,39,32,50,52,28,0,21,53,30,15,77,60,16,47,97,64,47,40,64,44,53,10,36,29,47,37,27,3,44,43,33,52,11,6,21,93,1,38,35,29,7,15,38,48,53,34,85,23,25,44,68,46,25,33,79,73,19,19,81,31,24,35,0
2014-05,21,60,62,42,0,36,49,11,21,8,27,53,10,64,54,39,54,24,26,32,44,40,30,0,56,54,32,61,61,35,49,51,41,78,32,36,61,68,78,65,13,34,35,60,60,46,36,65,34,100,49,21,59,14,65,65,38,53,51,19,34,60,21,45,40,43,59,24,0,31,47,33,31,69,69,20,52,56,79,41,0,56,47,43,19,58,31,57,49,44,3,47,48,31,66,11,5,28,90,1,41,46,37,7,21,50,53,68,45,71,12,30,48,71,54,28,39,74,75,22,23,86,38,24,38,0
2014-06,25,53,65,41,0,33,36,12,25,3,27,47,9,64,58,39,53,0,30,32,41,39,32,0,52,69,29,64,55,34,46,48,42,77,29,32,65,42,72,61,13,34,32,54,50,60,35,63,100,82,44,14,57,11,62,55,45,53,47,18,33,60,19,40,22,35,54,23,0,29,58,36,22,67,68,19,47,70,66,42,0,58,54,41,28,50,31,52,49,28,3,42,48,39,55,9,5,24,78,1,45,43,33,6,21,42,48,60,49,71,10,31,46,62,50,27,53,73,77,22,25,77,32,21,35,0
2014-07,21,53,68,45,0,35,44,12,26,2,26,52,9,73,60,38,59,13,31,30,46,38,40,0,51,67,29,66,67,37,45,47,48,84,33,33,67,49,74,66,14,36,34,56,59,38,37,59,46,93,46,14,64,14,60,72,41,57,48,22,33,64,22,38,40,44,63,29,0,23,71,41,34,69,70,19,44,55,76,41,0,60,49,37,17,35,31,57,50,30,3,46,48,48,56,10,5,32,68,1,47,48,38,8,20,43,45,62,42,69,14,37,45,70,50,28,42,79,86,28,26,87,29,20,40,0
2014-08,22,56,66,43,0,34,41,17,22,5,25,47,10,73,48,45,57,14,33,29,46,39,34,17,53,52,28,66,58,38,51,47,45,80,32,33,61,37,62,64,12,34,33,57,59,50,34,51,40,95,45,16,72,12,60,79,32,57,50,24,32,64,22,39,41,47,69,23,0,21,67,43,20,67,71,21,55,69,77,44,0,54,52,35,16,39,30,60,36,34,3,47,47,47,52,9,6,26,60,1,50,52,45,13,19,48,43,61,44,68,9,34,46,65,46,28,42,82,83,24,28,81,28,22,35,0
2014-09,19,57,66,47,0,40,43,15,27,2,30,51,10,73,47,38,52,23,34,29,49,36,39,0,61,57,30,67,65,35,53,50,48,86,36,37,60,61,73,67,12,36,33,58,52,38,40,55,39,89,46,14,63,14,71,65,38,56,50,46,34,64,23,43,31,34,66,28,0,24,73,52,31,71,72,22,48,64,77,54,0,58,58,40,15,48,31,60,40,29,3,51,52,65,56,9,7,26,66,1,48,53,42,24,20,47,46,91,43,77,8,35,50,70,48,29,44,83,83,23,31,88,28,21,39,0
2014-10,22,55,55,44,0,38,53,11,20,1,24,56,11,66,49,40,53,0,22,30,45,37,27,0,60,52,31,65,57,31,49,50,46,100,38,40,58,51,69,58,13,35,34,58,52,42,41,56,45,79,46,11,62,15,68,67,44,50,42,25,31,65,20,40,45,49,67,29,0,24,58,42,34,64,70,28,48,59,75,44,36,49,53,33,16,70,28,59,46,33,3,49,47,66,55,8,8,31,60,1,47,54,41,25,20,49,46,67,41,72,7,33,56,62,54,25,49,76,76,20,31,81,29,27,39,0
2014-11,22,59,54,43,0,38,53,14,20,5,25,53,10,63,51,41,50,14,30,30,42,42,29,0,51,45,28,56,62,29,56,48,43,72,33,40,52,55,72,58,14,34,34,58,46,34,41,49,41,70,50,17,59,14,70,72,57,53,46,23,26,72,20,44,41,29,64,29,0,24,60,46,28,62,69,28,50,51,69,41,37,44,61,35,14,54,27,57,40,33,3,45,49,63,56,8,8,30,57,1,46,54,40,28,20,48,46,61,39,64,11,28,53,59,52,28,42,69,74,20,27,85,29,23,39,0
2014-12,20,49,49,48,0,31,37,13,18,2,23,41,9,70,52,34,53,12,26,31,33,34,32,0,41,39,24,54,50,28,40,35,38,69,27,32,57,55,76,55,14,35,33,47,59,35,34,46,20,78,43,12,66,13,56,64,50,50,38,23,27,61,15,35,33,26,75,65,0,19,55,55,20,61,57,27,37,44,67,39,41,41,54,27,16,41,25,51,37,24,3,38,42,52,45,6,9,26,58,1,47,51,36,44,20,36,38,53,35,64,9,24,39,58,42,31,32,73,77,19,24,82,28,17,39,0
2015-01,20,68,58,45,0,32,55,10,25,3,35,49,8,65,45,42,45,10,32,32,41,40,31,0,62,48,32,64,62,30,52,45,39,72,31,39,49,65,70,70,13,34,40,53,61,38,34,56,46,79,55,15,63,14,70,72,44,46,43,21,27,58,18,43,25,66,67,37,44,24,57,43,36,63,67,24,54,48,76,52,37,48,51,34,23,54,44,64,44,38,4,45,52,52,48,7,9,32,55,1,44,51,37,35,21,41,45,64,66,58,8,28,52,58,54,36,41,71,68,21,27,70,37,19,36,0
2015-02,21,61,50,42,0,38,59,12,18,3,25,57,10,65,42,42,42,12,33,31,46,48,38,0,72,41,47,64,58,26,55,53,47,72,37,43,54,77,63,64,14,36,38,61,56,34,39,62,48,89,51,16,61,13,83,70,35,51,46,19,29,59,20,50,24,36,61,32,0,25,61,46,37,60,72,24,56,53,74,44,47,56,49,38,23,53,31,62,44,43,4,46,51,51,54,72,9,31,55,1,45,41,39,33,23,43,50,61,62,61,7,26,57,53,58,39,39,70,69,26,24,75,32,24,42,0
2015-03,21,57,54,38,0,35,47,16,26,2,26,51,7,67,36,37,49,17,25,32,43,39,32,0,53,44,34,59,51,28,48,45,37,69,41,33,54,77,61,58,13,34,32,54,51,36,34,53,44,74,46,14,54,13,68,60,40,49,43,19,27,63,17,37,29,30,64,27,0,27,60,39,22,63,64,25,50,72,71,44,0,52,47,26,13,40,29,56,41,35,4,43,43,45,46,40,8,70,57,1,47,42,38,37,24,41,46,58,51,66,9,28,46,52,51,39,34,71,76,24,23,70,30,23,41,0
2015-04,22,51,51,43,0,37,34,13,23,2,24,45,8,82,41,48,44,14,32,31,37,39,30,0,50,44,29,58,49,26,45,38,31,68,31,33,50,58,65,52,12,37,32,56,62,23,34,50,24,76,46,12,65,12,63,65,41,49,40,21,26,60,18,35,32,52,68,36,51,23,54,38,31,59,65,25,47,41,70,40,0,51,49,36,100,43,30,49,43,32,3,41,41,45,50,35,9,35,63,1,46,40,29,44,25,35,48,52,46,79,6,27,44,54,47,42,35,79,69,23,23,72,28,19,41,0
2015-05,24,62,52,43,0,34,53,15,31,1,41,53,10,60,43,46,47,21,25,35,42,42,33,0,54,44,31,58,57,24,50,49,36,79,30,43,53,48,69,69,14,36,37,59,64,31,41,67,45,80,53,13,72,15,68,89,51,52,46,19,30,70,19,40,29,40,81,30,0,31,57,39,31,67,73,30,56,60,76,45,41,61,54,39,30,63,39,58,49,33,14,43,52,46,52,16,8,31,64,1,57,39,37,49,25,49,55,57,71,63,8,28,53,62,57,33,40,72,67,24,23,77,34,23,44,0
2015-06,22,69,50,41,0,39,60,15,27,1,34,55,11,64,50,52,45,18,33,37,42,43,35,0,61,36,29,62,62,24,51,51,37,75,30,44,48,44,66,65,16,34,35,59,68,19,40,59,37,71,55,12,58,15,63,75,54,44,43,21,33,69,17,41,27,56,90,33,0,37,66,41,32,61,74,32,55,39,74,44,33,51,55,40,21,60,32,56,49,32,5,47,50,49,55,8,6,31,64,1,53,38,35,62,28,50,53,62,51,62,7,27,56,59,61,35,40,70,67,22,25,71,29,26,50,0
2015-07,17,56,49,39,0,34,44,13,23,1,23,48,8,66,45,46,51,14,28,33,41,37,38,0,47,46,28,60,61,22,43,41,36,73,29,34,46,44,72,59,14,37,32,52,67,12,40,47,45,74,50,11,66,15,58,85,42,42,46,23,32,65,20,33,32,31,100,38,0,24,65,41,31,59,67,31,46,14,75,35,26,47,52,32,21,52,28,55,46,31,4,41,39,47,47,7,7,26,66,1,55,44,34,54,26,45,48,58,44,55,7,32,49,57,51,39,47,68,70,26,26,82,27,19,47,0
2015-08,16,55,45,37,0,37,47,17,21,2,21,49,8,66,44,39,48,21,32,33,42,36,35,0,41,40,26,54,59,19,47,42,37,77,31,35,45,42,73,56,14,36,32,51,43,14,37,41,41,66,51,10,60,14,50,81,45,49,45,19,29,55,18,35,28,32,89,34,0,23,43,49,33,53,69,29,44,25,69,31,0,42,59,35,18,52,26,54,42,36,3,41,46,45,42,8,8,27,63,1,51,46,32,55,26,48,39,63,49,49,8,36,41,54,50,40,35,61,66,26,28,76,26,25,44,0
2015-09,18,56,44,38,0,33,49,13,18,1,21,47,8,73,50,40,44,17,27,33,41,36,34,0,54,37,28,61,58,18,48,41,34,78,29,44,48,46,79,56,14,36,29,52,43,17,40,48,35,62,48,11,41,13,72,69,49,45,42,23,28,59,19,38,29,37,94,35,0,22,50,50,37,56,70,31,40,30,69,31,0,39,57,36,22,63,30,55,58,29,3,43,44,46,49,8,9,29,67,1,50,55,33,61,27,49,42,69,77,49,6,34,45,54,52,33,38,63,70,25,24,78,26,21,44,0
2015-10,25,59,45,42,0,35,65,16,24,2,26,50,9,69,51,44,49,12,25,33,40,36,41,12,58,38,29,58,60,19,47,45,34,68,38,38,44,45,69,64,15,37,32,55,58,11,42,54,26,58,53,12,45,14,54,72,40,45,40,23,29,65,18,41,28,32,84,32,0,22,48,46,32,55,71,29,48,30,67,36,55,44,58,34,12,66,30,55,43,31,4,43,49,46,53,6,11,32,74,1,52,64,31,63,26,47,43,66,59,52,8,32,49,51,57,30,40,68,65,21,27,74,25,27,47,0
2015-11,23,55,47,42,0,33,57,13,22,2,30,46,8,73,52,48,53,15,22,31,39,35,35,0,53,32,29,59,59,18,47,50,36,72,34,37,45,52,64,61,16,38,34,54,72,14,43,43,27,70,53,12,56,14,57,71,41,42,41,21,27,67,18,37,26,31,74,31,0,24,54,58,34,51,74,25,52,28,70,38,45,42,61,31,13,60,34,55,41,34,7,44,52,44,55,7,13,30,64,1,57,74,34,80,22,44,42,64,43,56,9,30,52,53,57,29,40,72,66,22,26,83,30,20,45,0
2015-12,21,50,49,46,0,33,40,15,26,2,29,46,7,76,56,38,61,10,26,36,34,39,30,0,33,41,27,57,50,20,37,44,34,77,30,27,52,42,69,62,18,42,30,48,84,12,40,44,33,81,53,10,61,12,51,82,38,51,32,25,29,64,16,32,31,29,86,69,0,20,52,64,27,54,61,44,43,37,74,34,0,39,64,35,15,42,35,52,35,29,5,37,41,46,42,6,14,24,66,1,63,61,29,94,24,37,39,54,38,61,6,29,39,60,46,38,40,77,77,23,24,84,73,16,47,0
2016-01,25,60,47,43,0,37,59,18,27,3,24,47,8,65,46,49,37,12,42,32,38,38,35,0,64,34,27,61,55,20,49,43,28,64,29,41,39,65,58,65,15,34,34,51,70,16,42,50,42,62,56,16,58,13,66,72,41,45,38,20,27,67,17,44,21,30,69,37,0,25,56,45,21,55,71,25,53,25,66,40,45,38,48,37,13,59,29,60,36,43,4,47,46,46,48,6,14,30,59,1,58,64,35,69,24,48,46,62,61,47,5,28,50,56,55,41,39,60,62,22,27,70,83,23,45,0
2016-02,23,77,43,43,0,37,59,16,20,3,22,57,9,64,38,52,39,11,41,33,45,47,36,0,57,31,31,65,60,16,56,55,28,71,42,49,41,75,47,61,16,34,33,59,66,9,42,52,46,57,61,18,57,14,73,63,42,42,47,18,26,69,18,59,17,31,60,31,33,30,49,43,30,52,73,25,61,29,66,47,46,42,48,43,19,60,29,64,54,50,4,49,50,38,53,9,13,34,58,1,55,40,47,56,26,47,49,60,54,43,6,22,59,50,59,72,41,57,58,23,20,68,67,27,46,0
2016-03,17,66,47,43,0,36,47,15,26,3,25,50,8,64,39,46,45,11,36,35,40,38,32,9,46,33,30,61,57,19,51,43,28,64,34,41,40,66,53,61,16,35,35,56,65,13,42,48,44,62,55,13,65,13,61,69,40,42,44,20,29,67,18,45,13,30,65,39,0,26,42,43,34,53,69,27,53,18,71,42,21,49,50,38,14,59,28,58,50,44,5,45,51,41,46,9,13,32,60,1,57,56,42,56,27,46,45,65,51,55,7,30,49,52,55,53,42,61,66,23,23,71,75,21,50,0
2016-04,15,64,48,42,0,38,59,17,33,3,34,52,7,64,48,45,46,11,40,33,38,38,36,9,51,37,31,61,54,15,47,37,29,68,34,42,39,54,59,64,15,35,31,55,67,15,42,50,37,70,57,15,72,14,61,75,34,47,43,20,44,66,17,39,19,30,72,27,0,30,57,43,35,56,71,24,53,22,74,39,45,60,49,38,23,60,34,52,40,40,9,44,51,41,48,8,13,28,64,1,57,53,35,63,26,44,46,59,52,50,7,25,44,53,55,36,64,66,68,22,23,75,71,21,47,0
2016-05,22,65,52,46,0,34,45,17,26,1,49,52,9,66,49,48,53,12,42,36,35,40,36,0,53,37,31,66,57,18,45,42,33,66,36,33,44,48,55,83,17,35,37,57,61,15,42,62,50,77,61,15,70,14,64,73,48,52,42,21,39,75,19,42,29,33,78,35,29,35,61,49,40,57,72,26,56,18,69,39,31,66,52,52,21,54,41,55,52,39,13,41,49,44,45,8,13,32,64,1,64,48,37,58,29,46,48,63,64,52,8,27,52,58,59,37,65,68,72,23,24,68,100,22,55,0
2016-06,20,82,57,47,0,39,44,23,25,1,29,48,7,69,58,47,54,11,39,41,43,40,38,0,58,41,28,68,53,16,47,48,31,68,32,42,49,48,51,65,20,35,34,58,68,14,44,56,37,79,61,16,70,15,59,76,38,49,57,22,40,73,19,53,17,30,62,36,29,37,50,54,38,54,80,30,52,24,77,37,42,62,61,44,20,54,30,58,52,33,5,45,52,50,49,9,11,33,64,1,74,48,47,58,29,46,51,67,72,54,7,30,51,55,60,52,59,70,73,25,28,74,41,28,53,0
2016-07,19,60,53,46,0,37,42,24,22,2,26,46,7,68,57,44,56,15,20,37,38,35,36,0,53,40,26,62,51,18,41,38,28,72,30,30,43,40,54,63,18,34,27,56,64,14,46,46,38,66,59,11,67,15,57,77,41,60,42,25,41,77,20,42,27,27,59,38,0,25,75,52,42,59,68,35,47,23,71,31,34,45,62,43,17,42,28,56,49,34,4,38,46,46,41,7,11,26,66,1,72,52,38,63,28,39,41,69,60,56,6,29,43,56,53,42,47,70,79,24,28,100,36,21,52,0
2016-08,16,56,51,44,0,35,43,19,22,1,23,47,6,63,55,44,57,9,26,36,36,33,44,0,42,37,31,63,50,18,40,40,28,68,30,31,42,37,51,60,23,37,27,54,62,15,45,49,37,67,58,12,70,13,56,68,42,57,42,26,34,73,21,39,23,27,50,33,50,22,61,58,50,54,68,39,44,29,67,29,0,47,58,46,16,51,27,56,48,32,3,38,41,44,38,8,14,24,66,1,74,55,37,68,29,44,41,67,50,58,7,32,36,56,50,47,47,76,73,24,27,79,48,21,53,0
2016-09,20,56,50,48,0,34,42,19,21,1,21,46,7,64,55,45,52,10,26,37,34,32,43,0,42,39,26,59,54,19,40,35,26,68,29,36,43,37,50,59,24,38,28,55,64,15,47,66,29,68,60,12,74,15,48,80,46,59,37,41,34,73,22,54,21,28,49,35,63,23,65,48,38,54,68,38,48,20,70,29,38,42,55,52,10,59,29,53,47,27,3,35,42,42,41,7,18,24,67,1,78,54,36,67,30,45,38,71,39,59,6,31,36,53,54,49,50,74,75,22,27,77,32,20,54,0
2016-10,23,60,48,45,0,32,55,18,20,3,21,47,6,62,54,48,50,0,28,36,34,32,36,0,51,36,28,55,61,17,42,36,25,60,28,35,46,39,49,59,25,38,29,52,69,9,45,97,38,66,59,13,56,16,55,64,51,58,35,25,32,75,26,54,17,26,46,32,42,24,56,48,36,51,68,35,48,31,70,31,32,39,57,42,11,67,29,52,40,31,3,36,43,42,47,6,17,29,62,1,76,64,29,66,28,45,42,64,38,52,7,28,48,52,59,50,41,67,64,22,23,74,31,27,51,0
2016-11,27,47,60,46,0,32,51,15,25,2,15,47,46,67,7,21,49,19,22,35,32,31,4,10,48,47,22,58,59,9,6,43,10,56,28,21,38,7,47,62,30,24,17,5,16,29,46,56,0,5,57,14,58,20,68,11,36,62,32,24,22,57,23,50,24,20,45,33,0,25,65,50,0,48,65,33,50,23,33,36,0,36,26,44,13,56,27,4,43,32,3,43,46,42,3,8,16,32,63,2,31,62,26,20,5,38,27,58,43,52,9,28,86,51,56,20,36,5,6,9,25,85,2,18,45,21
2016-12,14,36,57,46,0,27,39,14,26,1,12,39,39,66,5,18,50,21,16,39,24,28,0,0,39,47,18,53,56,9,1,27,7,55,19,16,45,8,51,54,42,22,16,1,14,37,46,52,0,0.5,51,11,56,19,65,9,39,67,23,25,21,56,22,31,27,17,43,70,0,17,67,44,0,47,53,44,38,24,21,33,0,33,18,36,11,40,23,0.5,29,32,2,31,35,37,0,5,17,21,61,2,28,55,19,14,3,31,22,49,40,53,11,24,77,52,43,23,33,0,1,6,24,80,0,16,46,33
2017-01,27,54,63,43,0,36,52,25,32,4,23,50,51,67,0,26,46,17,31,38,31,39,0,0,59,75,21,64,69,8,1,35,4,54,26,21,41,9,40,60,27,24,16,0,1,42,45,72,0,0,56,19,56,22,73,2,49,58,31,23,31,45,28,46,31,21,43,38,0,32,83,50,0,51,83,35,51,19,25,37,0,36,30,52,9,59,27,0,40,38,3,48,51,43,0,8,14,38,63,3,20,62,29,0,3,44,37,63,83,50,6,27,100,51,59,24,46,0,0,7,27,57,0,23,48,35
2017-02,53,67,52,39,0,35,55,14,32,3,16,54,49,65,0,30,39,19,37,37,35,37,0,0,58,49,23,59,65,9,3,47,8,56,23,24,41,13,40,58,26,29,16,0,1,33,42,65,0,0,59,16,47,22,77,0,41,62,40,21,27,51,29,57,21,20,40,33,31,31,70,43,0,46,94,32,58,28,25,43,0,31,35,46,12,62,26,0,42,43,3,52,55,38,0,9,13,40,57,3,17,38,31,0,3,54,43,59,42,37,6,22,81,43,62,25,46,0,0,8,20,50,0,28,52,28
2017-03,64,71,54,41,0,37,59,16,30,2,22,56,54,72,0,30,43,18,39,38,36,38,2,0,56,48,23,68,67,9,2,39,5,60,22,25,42,10,38,63,24,29,15,0,31,34,45,73,0,0,62,16,43,17,82,2,41,61,37,20,29,53,25,53,24,25,37,31,27,33,63,12,0,50,77,34,58,17,35,42,0,33,32,48,15,59,28,0,41,46,3,50,59,38,0,7,16,37,59,3,18,44,31,0,3,53,46,62,48,44,6,25,79,47,59,30,45,0,0,9,24,57,0,28,54,20
2017-04,67,71,55,41,0,32,51,14,29,2,15,49,47,76,0,25,44,16,34,38,31,35,3,0,42,49,22,62,55,11,0.5,100,2,66,20,29,40,8,36,55,24,27,14,0,54,35,45,59,0,0,60,17,47,17,67,3,38,61,33,22,31,51,21,46,27,21,39,37,0,28,69,44,0,48,67,43,51,28,30,37,0,30,31,46,11,48,24,0,46,34,2,42,50,40,0,7,17,32,59,3,17,38,24,0,3,47,45,60,39,48,6,23,72,42,51,18,46,0,0,8,21,58,0,20,49,31
2017-05,84,60,60,41,0,36,51,14,33,2,24,55,58,70,0,32,50,24,33,38,32,35,13,0,55,50,28,65,62,11,0.5,46,2,60,27,23,40,9,38,61,25,30,15,0,52,41,51,67,0,0,58,17,51,14,64,4,42,75,34,23,32,50,21,47,33,21,39,33,0,35,62,47,0,47,81,49,56,23,23,37,0,32,31,61,23,58,30,0,45,37,3,50,56,39,0,30,15,33,63,19,19,48,25,0,5,55,43,68,47,49,7,28,74,47,60,37,46,7,0,10,26,60,0,21,57,36
2017-06,100,58,62,40,0,35,50,15,28,2,35,49,57,68,0,34,49,29,29,39,33,33,11,0,58,52,29,65,58,12,0.5,43,2,65,22,23,42,5,42,57,25,32,17,0,47,50,48,75,0,0,62,17,51,15,73,4,47,65,36,25,38,52,21,53,42,23,42,34,0,39,63,54,0,48,76,39,51,34,21,33,0,33,43,77,21,54,30,0,47,29,3,51,55,42,0,40,14,33,63,9,21,48,30,0,6,50,51,60,43,50,8,24,93,52,56,28,51,15,0,8,28,68,0,20,56,50
2017-07,75,51,55,41,0,38,47,19,27,2,35,47,51,69,0,32,47,11,24,39,32,33,11,0,59,47,24,64,58,12,0.5,39,3,57,22,17,38,7,40,55,21,31,15,0,53,34,54,48,0,0,59,14,50,14,58,4,42,68,33,23,37,51,19,49,46,19,39,29,0,35,67,45,0,48,75,43,45,24,19,33,0,30,36,63,16,47,27,0,45,27,2,47,50,38,0,21,12,29,60,5,21,51,32,0,3,51,44,65,41,43,6,25,80,50,51,18,52,10,0,7,26,65,0,23,51,29
2017-08,52,48,49,41,0,28,46,15,30,1,25,43,39,66,0,27,48,7,16,35,29,27,10,0,46,39,19,60,50,11,0.5,31,2,63,19,13,38,7,29,56,23,31,12,0,56,37,45,48,0,0,57,12,53,13,55,4,43,59,27,23,33,45,19,40,32,23,39,32,24,22,61,51,0,46,65,40,41,32,24,28,0,32,35,56,10,47,23,0,30,27,2,40,38,38,0,13,16,22,60,14,20,48,22,0.5,4,43,38,62,36,43,6,26,65,42,49,20,43,12,0,5,25,63,0,18,55,27
2017-09,61,62,54,42,0,28,50,18,34,2,23,45,41,66,0,27,48,0,20,36,27,28,14,0,46,36,20,62,47,15,0.5,28,2,64,19,17,37,0,25,54,22,30,12,0,55,37,47,52,0,0,58,12,54,14,65,9,37,78,22,39,31,47,16,35,22,25,36,32,29,23,75,51,0,45,63,40,44,28,20,27,0,36,31,59,7,64,20,0,25,27,3,37,38,39,0,10,22,23,59,63,16,59,12,0,4,50,34,75,32,42,6,34,59,44,50,26,48,39,0,5,25,63,0,15,46,29
2017-10,60,69,53,45,59,33,66,17,30,2,15,50,44,66,0,39,53,0,23,36,30,33,13,0,73,36,26,68,54,12,0.5,44,2,65,21,19,37,10,21,58,22,29,15,0,54,40,50,58,0,0,62,13,52,16,69,9,45,100,28,30,27,55,20,47,23,23,35,33,27,27,73,53,0,52,72,38,53,24,26,34,0,39,31,60,15,65,24,0,42,33,2,45,49,44,1,9,22,28,65,100,21,63,25,0.5,5,54,41,66,42,41,8,27,67,50,62,18,48,46,0,6,25,68,0,23,45,33
2017-11,56,67,56,46,0,31,52,16,30,2,12,48,42,68,0,38,51,0,22,33,29,32,13,0,52,43,25,64,48,12,0.5,41,2,69,21,16,39,14,19,58,25,29,13,0,60,24,52,61,0,0,61,11,49,16,73,5,45,69,28,31,25,56,18,39,50,21,34,35,0,28,74,69,0,50,70,35,52,18,35,34,0,43,53,55,13,57,25,0,33,30,3,43,52,38,1,13,17,36,66,33,22,64,19,0.5,5,43,39,61,42,39,7,25,63,52,58,15,46,48,0,7,23,72,0,20,48,34
2017-12,60,51,55,44,0,27,34,18,42,0.5,16,41,37,69,0,35,55,0,20,35,25,24,9,0,41,51,23,68,45,14,0,28,2,68,16,13,42,12,20,51,30,22,13,0,72,14,46,50,0,0,57,9,55,13,47,13,40,75,23,34,24,57,17,22,45,21,38,79,0,19,91,60,0,47,53,48,45,35,22,32,0,36,36,71,5,34,25,0,21,24,6,30,42,37,0.5,8,16,22,67,16,22,61,14,0.5,4,36,31,52,29,40,7,24,41,49,46,12,41,53,0,6,23,79,0,16,44,30
2018-01,50,68,53,47,0,36,47,20,36,3,15,50,48,65,0,42,49,0,33,35,33,36,8,0,60,46,29,70,50,13,0.5,35,2,65,20,24,37,25,19,59,24,24,15,0,67,21,42,59,0,0,61,17,53,14,52,5,42,69,26,38,25,48,20,35,39,22,33,40,0,27,71,58,0,47,66,34,54,30,29,43,0,41,41,61,9,58,26,0,30,29,4,45,48,41,0.5,8,14,40,66,14,20,81,18,1,5,50,37,72,31,38,6,31,52,53,56,13,55,47,0,6,28,61,0,24,46,38
2018-02,46,75,57,40,65,35,57,17,29,4,25,61,47,71,0,48,51,0,37,34,39,37,8,0,66,36,31,73,53,15,15,46,4,63,27,30,36,35,19,63,16,24,17,0,59,24,46,64,0,0,61,20,48,15,71,5,38,69,35,31,25,52,19,42,39,28,33,36,0,34,67,51,0,47,71,35,56,25,47,46,0,40,25,60,12,61,27,0,39,34,4,51,61,39,35,7,32,37,66,2,21,54,24,14,5,47,45,64,43,46,8,21,66,54,61,12,46,39,0,9,20,58,0,26,54,59
2018-03,23,75,48,26,65,37,58,16,29,2,27,58,43,69,0,41,49,0,30,35,36,32,25,0,55,39,29,66,54,21,43,41,9,65,38,30,40,24,17,64,7,12,23,0,55,28,48,54,0,0,50,14,46,17,96,0,26,64,30,29,32,58,20,25,45,32,32,39,0,30,62,49,0,47,66,34,52,27,57,45,0,38,18,61,11,48,25,0,36,41,3,45,69,43,27,7,81,4,66,2,23,59,27,25,2,38,45,58,38,83,7,25,50,58,58,5,42,29,0,29,23,65,0,26,55,34
2018-04,26,66,53,24,0,29,50,16,29,2,16,51,42,72,0,42,52,0,36,35,34,31,23,0,55,43,30,63,46,18,39,39,5,61,28,30,37,13,17,58,13,13,24,0,53,25,42,50,0,0,52,14,47,15,85,0,26,62,28,30,31,51,19,23,34,26,35,38,24,30,63,51,0,48,65,34,48,28,50,38,0,39,16,59,9,48,26,0,30,28,3,43,67,42,39,7,100,4,68,2,24,61,28,44,2,38,46,55,32,71,8,22,45,56,57,5,59,25,0,88,21,56,0,23,50,36
2018-05,18,67,60,23,0,31,57,23,29,1,12,53,39,74,0,50,48,0,41,39,33,31,31,0,62,45,36,69,46,19,35,42,25,61,23,26,40,13,16,62,16,7,28,0,52,39,48,60,0,0,58,17,50,20,92,0,28,64,27,31,33,63,19,24,43,27,34,36,0,39,61,58,0,53,71,44,53,30,51,40,0,41,16,67,17,55,30,0,34,32,3,45,74,46,43,8,69,5,69,2,26,48,28,53,2,41,54,58,46,83,8,21,49,61,65,5,53,24,0,92,22,64,0,24,57,42
2018-06,20,72,55,20,64,33,50,20,33,1,12,53,34,74,0,50,52,0,32,38,33,33,22,0,53,42,35,63,52,21,36,38,24,60,21,27,41,8,18,60,16,12,25,0,58,28,52,60,0,0,59,15,50,25,87,0,28,62,31,31,33,59,20,23,49,26,33,38,24,42,74,61,0,49,68,41,55,29,50,39,0,40,18,79,19,44,27,0,42,31,3,41,66,45,41,8,52,3,70,2,26,41,25,48,1,39,51,56,37,78,8,19,52,59,63,6,60,25,0,100,19,67,0,29,60,45
2018-07,21,66,59,28,0,32,50,21,32,2,13,54,36,72,4,41,59,0,30,36,34,32,26,0,46,48,28,65,45,23,39,38,25,67,25,28,39,12,16,62,15,20,23,0,59,25,48,50,0,0,57,13,54,28,78,0,23,58,34,33,34,58,21,24,65,26,35,32,0,30,66,67,0,50,69,39,48,26,57,39,0,41,21,60,19,46,26,0,44,25,3,43,63,46,39,7,34,4,74,4,25,60,38,50,2,42,44,67,33,48,7,27,45,58,58,8,48,43,0,97,24,66,0,29,56,27
2018-08,19,63,52,38,0,31,49,20,25,1,11,48,31,67,12,35,55,0,22,36,29,29,23,0,42,41,30,64,45,23,35,31,21,63,21,22,39,10,16,58,13,32,19,0,59,18,46,55,0,0,51,10,52,35,60,0,16,55,28,30,36,55,18,18,41,23,43,34,0,25,68,63,0,50,66,40,42,29,60,31,0,37,16,51,14,40,26,0,30,28,3,38,57,42,33,6,27,4,69,8,25,58,23,48,2,33,38,59,33,41,7,25,37,57,52,11,43,52,0,84,24,65,0,24,55,27
2018-09,18,59,52,36,0,29,45,18,28,1,11,48,31,65,11,42,49,0,29,33,28,30,24,0,49,36,29,55,48,22,41,33,13,71,21,26,35,7,15,59,13,34,18,0,60,17,49,47,0,0,47,10,50,41,62,0,16,58,28,39,29,54,20,21,32,27,39,29,0,26,60,51,7,48,61,33,36,30,60,31,0,36,17,51,12,64,24,0,31,27,3,37,54,38,37,5,17,6,66,18,22,56,24,41,1,34,41,63,32,69,8,24,39,54,54,20,34,22,0,17,22,61,0.5,25,50,33
2018-10,22,57,57,40,0,34,55,19,45,2,14,48,31,73,9,49,52,0,22,36,26,31,19,0,65,36,29,59,48,24,44,35,5,64,21,25,33,10,15,58,13,36,18,0,44,13,49,47,0,0,48,11,56,50,59,0,24,58,29,32,27,56,17,23,31,25,35,31,0,27,61,54,23,47,63,38,42,29,58,35,0,30,15,50,12,58,25,0,32,29,3,37,52,40,37,5,44,8,70,9,23,63,26,41,1,33,41,57,38,73,8,21,48,55,57,20,44,15,0,16,22,58,0,35,50,34
2018-11,21,59,57,49,0,27,53,19,35,2,25,45,31,70,7,48,59,0,20,34,27,28,18,0,50,41,30,72,48,25,39,29,2,70,25,24,34,7,15,60,15,43,18,0,46,16,57,49,0,0,50,12,50,64,56,0,26,81,26,34,41,67,19,23,32,22,34,33,0,28,69,69,9,52,65,39,46,30,56,33,0,35,20,51,11,44,29,0,29,22,3,35,57,42,41,6,59,4,70,50,26,67,18,54,1,28,45,58,36,87,8,20,52,59,56,24,45,10,0,77,20,72,0,31,49,28
2018-12,17,47,61,50,0,25,46,22,39,1,26,39,27,76,7,38,59,0,15,37,21,24,15,0,46,48,28,68,40,26,25,22,2,69,20,14,39,8,15,53,16,45,17,0,49,13,54,48,0,0,56,10,53,56,47,0,19,83,18,36,45,56,17,19,29,19,36,87,0,24,65,70,0,55,52,52,37,35,56,32,0,30,18,51,7,26,25,0,21,26,3,24,50,40,28,6,88,2,68,6,28,54,11,58,0,23,37,48,28,57,7,18,38,59,47,23,46,18,0,64,18,81,0,22,56,25
2019-01,25,61,65,51,0,31,56,26,36,3,20,46,30,73,12,48,52,0,36,38,29,29,21,0,57,43,30,75,51,32,36,29,13,74,25,24,36,15,15,56,14,40,19,0,58,14,52,64,0,0,56,16,56,57,59,0,28,63,21,36,49,53,20,23,24,22,33,45,0,33,64,58,0,58,65,40,49,25,60,39,0,37,21,57,9,42,29,0,25,31,3,34,56,60,37,7,66,2,70,4,26,77,15,49,0,36,43,67,36,28,9,26,51,64,61,24,53,20,0,41,25,66,0,29,58,32
2019-02,17,61,61,45,0,28,49,20,32,3,21,49,27,70,16,48,43,0,23,35,25,30,20,0,47,34,27,63,46,28,31,34,10,63,27,24,39,16,14,58,13,37,18,0,48,16,50,56,0,0,53,17,48,49,59,0,25,63,23,31,44,51,18,26,24,21,29,34,0,29,70,54,0,49,59,37,46,41,58,39,0,33,17,47,10,42,24,0,21,28,3,30,39,46,31,7,57,2,67,4,25,53,17,39,1,28,49,56,31,35,12,18,46,55,52,36,48,24,0,41,17,55,0,26,58,37
2019-03,20,66,62,48,0,30,62,21,34,2,21,59,30,72,13,45,50,0,23,35,33,36,21,0,58,42,31,72,49,25,42,34,12,64,34,29,37,31,12,61,14,39,18,0,49,16,50,53,0,0,57,16,43,57,60,0,28,64,31,31,43,59,19,33,29,26,28,34,0,33,66,57,0,50,67,36,49,46,57,46,0,33,20,58,10,44,27,0,30,36,3,39,64,52,39,7,62,3,67,6,25,48,27,49,2,32,60,60,42,30,15,15,57,61,56,29,46,41,0,70,17,59,0,32,60,34
2019-04,23,64,65,53,0,31,60,24,29,1,20,58,33,67,2,44,56,0,29,37,37,36,23,0,54,42,38,72,47,26,46,34,10,64,47,30,40,22,13,66,13,42,11,0,49,19,52,60,0,0,63,14,49,65,70,0,18,63,33,34,47,60,22,39,34,28,33,41,0,40,73,63,0,54,69,40,49,60,65,49,0,38,20,55,11,43,27,0,33,34,4,43,72,51,43,8,66,5,76,16,25,46,33,54,1,36,55,58,30,33,9,8,53,67,58,25,39,69,0,27,19,60,0,34,55,32
2019-05,29,72,74,55,0,38,60,28,32,2,19,62,100,68,6,54,59,32,39,39,40,44,20,0,66,36,40,81,51,31,51,43,10,79,34,32,44,20,13,73,15,43,10,0,51,22,52,67,0,0,67,18,53,78,75,0,30,67,36,39,49,70,24,42,36,28,37,34,0,49,66,62,0,62,72,44,60,58,66,49,0,40,23,70,16,47,32,0,37,33,4,48,70,51,45,8,54,6,74,8,26,67,35,47,1,47,78,69,44,31,9,13,61,69,64,27,55,75,0,21,22,65,0,42,65,46
2019-06,34,69,78,59,0,35,55,28,37,2,17,63,31,76,8,52,65,23,44,40,39,42,20,0,56,42,34,84,53,33,56,39,9,78,34,29,78,16,13,70,16,47,11,0,58,23,61,75,0,0,75,19,55,81,77,0,24,77,36,38,54,66,25,35,44,27,43,39,0,56,78,67,0,62,71,41,61,63,69,46,0,44,19,71,15,49,30,0,39,30,4,45,76,53,44,8,58,10,75,16,29,63,29,48,2,45,76,72,42,38,9,14,53,70,64,29,54,82,0,95,22,72,0.5,38,65,36
2019-07,28,62,81,62,0,38,51,23,35,1,16,59,28,74,11,54,69,21,29,40,37,40,18,7,53,44,33,80,50,48,46,35,9,84,32,30,41,15,12,67,15,44,10,0,66,37,56,67,0,0,70,16,52,69,72,0,23,94,35,38,50,58,24,33,43,25,38,33,0,38,78,63,0,58,75,41,56,66,67,43,0,35,19,67,10,42,29,0,37,30,3,44,75,70,42,8,56,16,87,26,27,64,32,42,2,40,64,71,35,36,8,14,51,65,59,29,53,81,0,60,22,76,22,38,60,27
2019-08,19,62,76,61,0,33,53,29,33,1,17,57,5,71,22,57,69,23,33,36,34,39,19,0,60,49,36,78,52,38,38,32,6,88,32,23,40,13,12,64,15,48,9,0,70,37,51,60,0,1,65,15,53,79,55,0,17,77,31,39,46,53,23,27,44,28,39,33,0,31,65,65,0,60,71,44,51,44,65,39,0,34,22,65,9,45,25,0,25,26,3,36,71,55,39,9,75,15,77,28,29,63,24,38,2,36,57,68,36,31,8,12,47,65,56,29,52,86,0,53,22,71,25,33,64,28
2019-09,27,70,73,66,0,35,58,28,33,1,24,59,5,71,29,56,64,16,38,37,38,38,20,7,65,35,35,77,53,34,56,34,5,81,30,30,37,14,12,69,17,47,9,0,65,42,54,65,0,0,62,17,54,75,62,0,22,63,40,60,42,61,27,40,44,28,40,31,0,34,58,62,0,56,80,40,53,47,67,42,0,39,19,59,17,69,26,0,39,28,3,42,75,48,46,9,77,19,76,29,26,64,33,65,2,43,61,75,35,32,7,11,48,62,62,29,51,80,0,35,23,68,28,34,56,47
2019-10,31,73,74,62,0,39,64,32,35,3,27,61,6,74,17,52,64,20,57,36,36,40,19,9,67,38,38,80,57,37,58,42,5,81,30,31,37,12,11,71,22,48,10,0,65,38,55,66,0,1,66,18,49,67,64,0,27,65,37,48,45,65,28,40,43,28,40,33,0,38,64,63,0,59,76,38,60,48,66,45,0,39,20,56,21,72,29,0,45,34,4,46,80,48,51,10,77,26,76,20,25,68,30,84,3,45,63,67,44,29,8,10,63,64,67,30,54,76,0,37,22,72,45,52,63,29
2019-11,24,71,80,67,0,38,56,32,32,2,28,57,6,75,17,54,75,20,42,36,34,45,19,0,64,48,39,79,53,37,48,34,4,74,30,27,39,14,10,73,22,49,9,0,54,40,59,66,0,4,70,17,46,69,62,0,29,64,32,51,41,66,25,32,52,28,40,33,0,37,69,81,0,58,72,44,58,71,65,50,0,39,21,50,11,47,32,0,31,33,3,39,78,46,41,8,95,24,80,9,26,67,26,94,2,33,58,62,35,32,8,10,60,63,62,29,48,76,0,36,19,80,32,40,59,42
2019-12,21,51,74,63,0,30,45,27,31,1,27,54,5,78,16,50,71,16,29,42,25,36,15,0,49,44,65,77,40,38,32,23,3,74,24,17,45,12,11,61,21,47,7,0,60,36,53,59,0,6,62,13,47,20,48,0,21,73,23,52,38,68,21,20,44,22,39,81,27,29,69,78,0,58,58,72,44,58,58,39,0,33,21,46,13,35,30,0,22,29,3,28,64,41,29,7,83,16,78,9,27,60,19,84,1,25,52,57,29,30,8,9,39,63,52,24,43,77,0,40,17,92,34,28,57,27
2020-01,30,71,83,63,0,42,57,34,34,2,33,60,7,76,13,56,65,15,52,40,40,49,21,7,57,40,38,81,53,42,47,31,5,81,28,30,37,28,10,69,17,48,11,0,56,33,50,83,33,6,65,20,48,16,63,0,25,65,28,51,43,62,31,25,53,28,40,45,0,35,71,72,0,57,80,41,58,66,64,59,0,37,20,53,8,61,38,0,27,34,3,40,75,54,41,9,73,24,80,8,27,94,21,72,2,39,64,78,35,31,11,15,55,69,65,27,55,77,0,28,24,70,32,35,56,48
2020-02,26,85,78,60,0,38,77,33,34,4,33,70,7,78,14,66,64,15,65,41,44,55,24,0,63,38,44,79,52,45,64,49,5,77,34,37,36,42,10,74,17,47,10,0,50,33,51,79,41,5,67,24,45,68,78,0,26,66,38,47,57,71,31,38,49,40,38,37,0,45,62,65,0,55,81,42,70,50,63,58,0,39,21,59,13,70,41,0,33,42,3,45,87,50,44,10,45,23,77,54,25,61,28,60,2,41,75,64,42,31,9,11,67,72,72,29,54,83,0,18,18,67,32,43,57,58
2020-03,25,75,74,63,0,35,67,30,41,5,36,58,23,78,10,60,55,11,39,40,35,53,24,0,52,40,47,64,50,39,38,32,4,83,53,27,44,36,10,75,15,49,13,0,60,25,48,73,33,9,63,24,54,74,60,0,22,63,27,49,100,70,31,30,41,33,43,35,0,40,53,63,0,55,84,41,69,53,64,100,0,40,28,53,10,37,44,0,31,31,5,36,81,40,34,23,10,23,78,57,34,52,24,62,2,36,68,62,38,28,8,13,53,70,62,47,39,80,0,18,16,55,30,34,63,82
2020-04,20,62,56,67,0,33,62,28,29,3,27,54,21,67,12,58,25,23,30,65,22,38,30,0,32,17,39,55,45,55,20,24,3,88,21,12,84,12,12,58,21,55,17,0,81,21,52,68,24,2,89,19,100,100,43,0,26,73,16,54,85,57,36,21,44,39,61,67,0,29,41,69,0,59,80,65,57,66,98,53,0,32,40,64,8,20,43,0,22,31,3,22,60,24,21,10,16,20,53,9,55,32,15,75,1,24,52,58,39,28,8,10,35,52,71,41,38,71,0,28,14,40,22,31,92,72
2020-05,22,82,81,83,0,26,73,38,32,3,29,56,23,62,14,62,33,23,28,66,23,43,32,0,33,24,44,67,55,46,21,41,3,84,24,12,81,13,11,71,22,53,10,0,80,31,48,84,32,1,100,16,71,79,55,0,25,71,16,58,58,72,55,18,49,41,56,60,0,41,69,95,0,68,78,70,65,70,82,57,0,39,44,76,12,22,53,0,22,29,3,25,52,33,24,7,11,17,53,19,59,30,12,100,2,26,63,76,48,45,9,10,48,67,75,41,43,86,0,29,15,58,22,38,100,43
2020-06,19,70,76,89,0,22,63,35,38,2,28,57,25,61,24,53,36,21,27,54,26,38,25,7,35,24,45,60,49,42,19,45,3,85,26,11,68,11,11,69,17,55,8,0,67,26,51,85,37,2,83,15,64,27,56,0,31,63,17,56,41,75,100,13,51,30,51,40,0,42,80,86,0,65,71,54,61,80,70,43,0,36,36,73,11,19,53,0,23,32,3,24,38,33,23,6,12,14,56,26,53,28,13,97,2,24,62,67,48,47,7,9,49,72,68,36,34,83,0,32,13,60,19,32,79,40
2020-07,19,72,71,83,52,22,61,38,38,1,27,51,24,60,30,49,46,17,21,26,27,41,24,5,28,40,42,59,45,44,17,49,3,88,26,9,62,12,9,68,18,55,8,0,62,30,66,78,30,23,79,12,60,74,51,0,29,61,15,56,43,81,62,12,50,31,52,42,19,45,84,86,0,63,64,86,62,71,67,38,0,37,35,68,10,21,43,0,21,27,4,23,36,31,19,6,14,15,55,30,49,29,11,93,31,23,57,61,45,38,8,8,46,73,62,35,31,78,0,31,11,71,17,32,69,24
2020-08,19,68,66,84,0,22,56,38,37,1,27,53,25,61,35,47,52,18,19,20,24,40,39,0,36,38,44,63,47,48,17,47,3,81,30,18,54,11,9,73,19,52,7,0,62,27,66,81,40,29,73,13,59,93,54,0,28,64,17,55,45,84,50,15,59,27,48,39,20,45,79,99,0,65,64,100,58,62,66,37,0,39,34,69,10,25,40,0,24,31,3,27,43,32,21,6,16,12,59,20,50,43,17,88,43,26,59,75,22,40,8,11,54,72,61,38,40,75,0,39,13,71,17,29,68,33
2020-09,16,60,65,82,0,24,48,34,54,1,38,50,25,60,29,43,52,16,21,19,20,38,52,0,40,37,40,58,45,46,19,40,3,76,25,11,48,9,8,73,16,49,8,0,58,22,64,78,50,27,65,13,58,74,49,0,25,56,17,56,43,81,43,15,49,25,45,37,22,37,67,80,5,65,59,66,50,44,62,32,0,37,27,59,6,32,40,5,24,29,5,24,39,32,26,6,15,13,64,18,39,44,14,85,41,23,62,94,29,37,7,14,41,65,57,39,35,70,0,35,13,72,17,32,60,29
2020-10,24,51,62,73,100,27,55,29,40,5,26,50,25,79,27,48,49,10,17,16,22,40,49,6,48,35,43,55,37,46,26,43,3,76,23,21,41,16,8,62,18,58,7,0,67,14,66,53,43,28,63,17,69,57,51,0,29,54,18,58,38,66,64,19,55,23,49,35,40,34,56,77,22,57,59,54,52,47,69,36,0,35,25,54,13,44,40,29,24,27,3,24,38,38,24,6,15,23,68,44,33,43,13,84,37,27,58,75,43,30,8,16,47,58,60,30,52,64,0,26,14,66,27,53,56,39
2020-11,25,56,60,82,0,28,64,35,38,1,29,61,26,68,37,49,54,10,16,16,28,39,44,7,55,37,54,55,44,50,38,43,4,80,26,25,37,22,7,70,20,60,11,0,59,13,74,67,37,25,59,14,53,55,58,0,25,52,24,57,39,79,60,22,52,25,45,35,38,41,65,80,32,56,64,52,57,44,65,43,0,36,36,50,12,51,47,33,30,30,4,28,45,36,32,7,14,26,64,62,31,44,20,89,34,34,66,61,46,34,7,16,54,63,63,35,39,71,0,21,17,77,28,36,54,37
2020-12,19,45,61,81,0,26,59,30,40,1,26,48,23,69,40,40,59,10,10,16,22,33,53,6,50,49,45,54,39,53,23,43,3,80,24,16,45,15,11,65,20,65,12,0,88,15,72,66,36,26,53,13,72,55,52,0,23,57,18,58,40,79,42,16,54,22,61,88,22,26,60,77,19,59,54,67,50,58,62,39,0,34,64,51,10,38,41,31,23,31,3,21,37,37,23,16,14,22,67,58,31,43,15,88,47,24,51,56,36,37,7,14,44,63,56,38,39,74,0,14,14,77,24,29,54,38
2021-01,20,54,70,91,44,32,62,39,40,2,29,51,25,61,40,47,52,12,16,16,27,38,51,0,45,39,54,62,45,48,27,61,4,72,25,20,39,21,13,67,16,72,15,0,97,14,55,80,34,24,59,15,73,77,45,0,26,50,22,60,43,72,45,17,55,38,72,50,20,31,65,77,28,61,61,49,54,68,63,41,0,34,68,47,7,39,43,37,24,29,3,26,37,41,26,8,11,25,68,51,30,60,15,83,48,31,57,92,34,43,8,20,44,70,59,36,47,79,0,19,18,65,23,40,60,33
2021-02,29,69,62,84,0,40,80,37,45,4,33,67,21,58,37,57,50,17,27,17,37,44,44,7,68,38,59,64,46,46,54,74,11,80,29,36,37,44,9,78,18,59,19,0,64,17,61,77,28,24,59,20,60,65,71,15,35,54,36,60,42,74,49,34,44,34,49,38,33,45,63,66,37,62,76,45,73,62,66,58,0,40,66,47,16,71,46,52,38,38,4,36,63,38,35,7,12,38,67,49,27,59,28,71,80,41,68,68,41,38,13,19,63,66,70,37,42,68,0,27,16,63,27,50,54,35
2021-03,28,77,68,81,0,40,86,38,45,2,37,73,4,60,42,60,61,22,23,18,35,51,52,6,65,38,66,68,45,46,51,82,24,82,28,32,38,56,8,85,17,60,20,0,57,25,68,83,30,21,59,18,57,67,77,66,35,50,37,56,43,86,44,32,56,40,50,37,57,50,77,65,38,60,72,50,73,44,65,57,0,41,67,52,17,65,49,61,44,45,6,39,60,39,35,6,12,39,68,52,47,56,31,71,100,39,69,66,41,36,8,18,70,63,76,35,47,73,0,33,16,69,27,50,65,38
2021-04,24,58,65,78,0,37,65,32,44,3,26,59,2,57,43,55,53,18,16,27,29,40,45,5,57,36,58,62,41,52,35,60,23,80,30,23,41,36,8,74,16,63,16,0,56,29,55,61,34,22,54,17,64,64,58,67,37,50,23,59,44,62,37,23,55,34,52,43,31,40,65,65,41,60,62,50,66,53,61,43,0,39,68,50,15,45,43,50,38,38,3,28,57,40,29,6,11,31,64,6,75,63,21,68,55,35,64,58,40,38,7,20,55,61,65,35,44,72,0,24,17,69,21,46,60,32
2021-05,28,58,71,83,0,34,62,36,42,2,27,58,3,55,45,58,53,19,30,42,25,41,19,5,63,36,52,58,38,61,35,52,23,77,29,25,37,32,7,70,16,61,17,0,55,26,58,66,30,21,56,17,65,69,64,70,38,51,24,56,47,70,34,21,42,31,47,38,57,51,68,66,34,57,63,49,66,66,65,44,35,39,64,50,24,48,48,51,39,33,3,28,54,40,28,8,11,24,61,8,83,57,23,70,14,36,65,56,41,39,15,18,53,60,65,31,50,67,0,20,16,60,20,44,57,58
2021-06,28,79,67,80,0,42,81,43,51,3,31,67,5,60,43,65,56,18,42,47,28,57,21,14,67,35,57,62,46,46,45,56,26,78,57,29,36,48,7,72,18,61,20,0,57,18,66,77,34,22,61,20,67,72,71,74,46,55,32,60,45,86,32,35,55,31,52,35,72,66,64,72,49,60,73,50,72,52,70,52,69,40,70,54,22,59,51,63,52,33,3,34,64,48,31,7,10,26,67,3,100,63,25,81,11,42,71,69,45,37,8,21,63,60,73,38,64,71,0,25,18,59,25,48,62,43
2021-07,24,73,70,83,0,39,64,44,50,2,30,67,10,59,44,62,62,18,28,49,26,45,20,8,58,40,59,70,44,58,36,52,25,81,31,25,40,31,15,75,21,67,19,10,57,24,73,80,50,23,60,18,66,85,69,67,53,56,27,63,42,88,32,27,47,34,59,39,85,53,67,73,44,64,67,54,68,42,73,49,57,43,75,64,21,47,45,57,44,31,3,34,56,47,33,7,10,33,71,2,92,62,26,73,35,38,69,66,40,36,9,18,56,61,70,37,57,75,8,28,17,66,24,43,63,57
2021-08,22,64,68,77,0,36,60,43,48,2,27,62,12,53,45,64,60,22,26,46,28,40,19,0,56,41,54,67,41,68,35,46,23,77,28,29,36,28,16,71,18,60,17,71,51,21,67,71,56,21,59,16,58,71,63,61,51,52,28,62,41,76,28,26,51,36,50,32,56,42,56,74,25,62,71,49,65,40,76,38,49,36,77,51,16,49,40,51,34,31,3,33,50,46,35,6,14,33,67,3,72,53,25,67,44,37,64,61,45,33,8,18,48,58,63,35,44,75,54,22,17,66,21,52,52,39
2021-09,26,62,61,75,65,35,62,44,45,1,21,56,5,51,43,55,54,8,22,42,25,39,17,5,59,32,47,62,38,71,40,39,20,83,26,34,31,25,13,68,18,45,13,70,50,17,66,67,29,19,58,12,55,54,50,63,61,48,24,74,35,64,27,28,45,33,47,35,43,40,59,74,36,56,67,51,61,40,65,39,59,34,74,51,11,79,36,51,38,28,3,33,51,41,32,6,16,35,63,33,84,56,23,70,54,35,58,69,59,31,7,19,45,53,64,39,47,72,52,16,17,61,20,46,55,23
2021-10,27,73,63,76,0,40,85,46,45,8,26,58,6,52,42,61,51,17,28,42,24,43,22,7,75,34,49,62,36,43,45,38,18,87,26,30,27,26,14,68,18,60,14,77,47,15,65,65,35,16,55,22,48,56,46,51,83,48,27,64,34,63,28,27,44,29,48,35,46,42,46,69,36,60,70,56,60,36,61,43,71,37,67,52,17,78,37,49,38,29,3,35,59,39,35,5,15,40,61,1,56,54,23,68,45,42,60,66,52,28,7,20,56,51,66,36,50,63,55,10,17,61,29,66,46,36
2021-11,30,78,69,81,0,46,82,49,52,2,29,67,5,59,41,64,61,15,28,45,29,55,20,5,73,39,50,65,40,52,46,37,19,88,29,32,29,29,6,75,20,64,15,79,49,12,79,68,35,17,61,17,46,27,51,27,100,49,28,65,37,70,28,31,56,28,44,35,48,44,60,73,33,57,72,58,71,34,61,45,69,41,82,54,12,73,43,50,43,31,3,35,55,43,38,5,16,42,66,1,29,56,24,68,30,40,64,64,75,29,8,21,62,53,72,38,50,68,57,10,16,67,26,52,44,34
2021-12,22,58,67,77,64,34,58,39,54,1,24,53,4,59,38,55,65,16,18,40,20,33,34,0,48,37,46,54,30,49,24,25,15,70,24,20,33,27,5,67,30,64,10,62,45,12,74,65,22,17,56,13,51,13,39,14,65,55,22,63,34,64,23,17,38,37,57,76,36,32,54,73,25,58,52,64,60,41,60,43,49,32,69,45,12,35,37,38,29,29,2,22,44,39,25,5,15,29,66,51,20,49,17,67,23,25,48,52,52,29,7,17,42,53,54,29,43,70,54,7,13,71,21,41,43,29
2022-01,33,85,87,91,70,54,81,58,71,2,33,70,7,64,40,71,69,19,42,51,31,54,89,6,72,43,63,81,55,53,46,47,22,90,34,29,37,35,13,88,30,75,19,83,52,15,73,99,34,19,67,23,57,16,58,65,70,46,27,83,40,70,37,27,55,47,50,50,56,50,65,88,48,68,83,59,79,53,71,61,73,42,86,47,14,65,47,63,44,43,4,36,72,52,37,7,12,47,74,61,26,85,21,68,20,44,70,77,53,35,8,27,60,68,80,37,72,84,69,11,25,67,30,67,56,41
2022-02,36,95,84,90,72,60,93,48,78,3,37,86,3,67,39,82,72,22,44,45,34,60,92,5,71,47,71,85,59,63,53,50,28,91,35,35,38,56,8,86,27,75,22,94,48,14,82,93,41,18,71,27,52,17,68,58,63,44,34,77,44,77,35,33,63,47,53,38,48,59,83,86,49,64,92,55,86,55,73,67,80,52,87,53,17,72,55,68,47,45,8,40,87,61,40,6,14,52,79,57,25,88,24,62,18,52,80,76,58,36,9,31,62,63,89,39,82,78,75,13,27,66,31,81,56,60
2022-03,31,85,91,100,43,59,94,55,79,2,46,88,25,74,42,80,73,19,34,48,36,62,100,13,71,47,72,94,66,70,43,40,19,93,38,33,41,59,13,88,27,82,26,94,50,14,82,94,40,17,71,23,58,18,63,58,62,48,31,87,46,81,39,29,53,45,52,39,61,57,75,84,51,66,89,60,86,61,77,67,85,94,80,54,22,58,77,86,53,45,8,38,84,67,40,8,14,48,84,61,27,88,20,69,14,49,82,75,70,44,10,32,60,66,84,42,96,83,77,13,28,70,28,80,64,52
2022-04,27,73,87,95,35,47,80,54,62,2,33,76,24,72,40,65,68,22,23,47,33,55,99,5,53,39,68,87,57,63,31,28,13,88,59,21,40,38,18,76,27,86,18,84,100,14,81,83,33,19,66,19,90,16,55,62,53,40,24,84,37,68,40,21,58,35,87,48,55,50,68,84,45,67,73,61,73,48,77,60,53,59,73,50,16,37,50,58,40,37,4,28,70,60,31,7,15,37,77,75,26,68,18,68,10,38,63,100,51,45,8,22,51,61,72,35,91,92,72,12,25,69,23,65,65,42
2022-05,30,80,83,93,54,49,74,50,60,1,38,84,7,72,38,77,63,17,32,49,29,57,92,9,61,44,71,84,57,65,35,31,14,87,55,24,38,36,6,78,25,75,19,86,62,14,81,79,39,19,67,22,64,9,53,58,62,47,27,83,37,75,34,20,67,33,57,37,52,68,83,81,43,66,81,59,79,48,79,51,67,54,73,67,18,58,52,65,51,32,4,32,60,65,36,7,13,47,74,55,28,81,15,71,8,48,80,77,100,44,11,28,59,61,88,42,88,83,70,12,28,67,24,77,64,64
2022-06,32,96,85,95,71,47,69,63,71,1,49,81,24,74,47,78,72,19,41,57,36,61,100,10,59,47,67,83,61,73,37,35,13,95,36,28,42,25,8,86,27,88,21,86,59,17,89,100,40,19,74,25,65,15,73,62,80,55,24,89,43,81,34,26,64,35,62,39,63,91,78,94,59,68,84,60,79,59,79,53,53,74,82,72,29,55,65,62,64,35,5,36,71,72,37,7,10,55,79,51,34,71,20,76,14,44,80,74,66,45,10,25,59,60,92,42,94,87,75,13,26,71,25,79,72,72
2022-07,28,84,86,97,56,45,69,52,79,1,44,81,25,74,47,74,77,21,27,54,38,53,92,12,54,44,69,96,55,72,28,27,6,96,32,16,41,23,7,81,28,86,19,85,64,22,94,86,40,22,72,21,67,19,55,62,80,53,22,93,45,83,33,25,67,34,68,43,51,59,75,92,75,69,80,67,75,62,86,55,64,55,93,64,15,34,57,63,70,29,5,35,87,76,33,11,10,60,81,50,42,74,23,71,49,39,72,70,57,54,9,26,58,63,83,52,88,84,78,26,25,78,24,90,73,62
2022-08,31,69,80,94,33,47,64,53,71,1,37,77,27,70,47,66,79,16,22,50,41,46,93,4,51,41,65,88,52,69,31,25,5,96,34,21,39,16,9,80,27,85,17,73,65,21,86,85,42,21,71,18,63,18,51,67,85,41,24,96,49,75,35,27,69,31,64,38,56,45,75,92,66,67,80,64,67,64,85,44,79,51,92,61,11,37,52,63,57,28,4,32,78,78,34,9,16,55,77,72,34,87,19,69,66,40,74,73,50,51,8,31,61,59,77,57,84,84,81,22,27,74,25,72,67,41
2022-09,40,73,77,90,34,55,71,61,73,1,37,79,27,66,42,70,72,14,25,52,43,53,86,6,71,39,67,85,58,62,46,25,6,93,36,28,37,18,9,78,27,84,17,85,62,24,89,86,42,20,68,18,64,18,49,66,78,42,25,100,47,82,36,28,63,35,66,37,47,48,64,100,63,73,88,65,72,59,85,43,100,43,100,63,10,97,53,66,51,29,4,36,84,78,37,8,14,58,75,70,29,89,23,63,77,54,80,81,54,66,8,33,63,57,83,48,89,82,79,13,27,69,27,79,66,46
2022-10,38,87,73,82,0,54,94,58,63,1,36,81,25,64,37,72,68,13,25,52,42,56,83,5,86,46,68,92,60,58,51,32,5,91,39,31,36,21,12,79,31,77,17,84,66,20,87,76,31,19,71,20,61,18,65,57,76,46,28,84,45,95,33,33,61,39,62,39,55,52,67,94,65,66,88,64,76,68,83,52,81,43,92,60,14,82,54,61,56,31,4,37,80,71,43,9,12,67,72,86,28,82,21,60,65,50,72,76,58,62,9,31,73,53,82,47,83,72,74,13,26,66,34,97,65,52
2022-11,39,94,74,85,0,58,100,60,75,1,40,94,25,70,33,77,66,12,31,49,44,62,76,9,73,43,78,91,54,58,55,42,5,86,38,34,35,35,10,81,37,79,19,90,67,17,100,76,32,16,81,21,55,18,65,49,68,46,39,81,42,97,31,43,57,40,58,38,50,60,68,83,63,63,89,84,86,71,79,63,91,46,80,55,15,75,62,65,63,38,5,41,78,70,39,7,12,61,73,75,25,75,30,58,55,48,74,67,58,55,8,27,79,56,86,80,79,72,65,12,22,73,30,90,63,46
2022-12,29,80,77,96,39,47,77,59,81,1,37,80,23,70,37,67,70,17,24,52,34,59,87,8,61,55,72,80,47,62,38,29,5,82,27,24,40,38,11,83,48,80,15,82,57,13,97,79,35,20,80,18,62,16,55,52,61,45,36,88,43,100,28,29,61,39,66,100,50,47,66,97,54,55,73,81,73,65,82,66,62,42,86,55,11,38,59,55,49,37,5,33,79,64,33,9,15,51,72,66,26,69,25,56,48,39,68,58,56,54,7,17,57,58,68,50,65,82,71,10,21,80,29,70,63,44
2023-01,37,78,84,91,36,56,81,64,88,2,44,82,27,69,33,74,70,13,35,49,39,61,72,6,64,50,87,84,71,65,47,31,5,85,36,29,35,46,9,78,36,82,18,86,52,13,78,94,39,16,77,22,59,19,56,49,66,39,38,84,41,100,33,35,52,40,61,50,53,60,67,91,64,63,83,66,78,70,81,62,73,42,82,57,10,63,62,69,52,41,6,40,82,78,36,33,13,57,73,60,24,100,26,51,64,49,74,82,60,58,8,17,59,59,84,48,74,77,77,13,27,66,29,78,64,48
2023-02,34,86,72,74,41,45,81,49,84,2,37,84,25,72,30,67,61,12,34,46,36,59,67,8,62,40,67,74,50,100,42,33,5,83,35,26,31,53,8,77,31,98,16,82,36,11,62,87,38,18,68,24,62,18,59,49,58,44,39,76,36,83,29,36,44,39,62,33,24,53,54,66,45,56,75,55,78,62,74,59,67,38,67,57,17,57,53,61,48,37,6,34,77,66,38,14,20,100,69,55,19,69,29,43,47,44,67,69,58,50,8,12,54,49,78,41,77,68,65,11,22,54,25,74,58,69
2023-03,35,100,80,87,0,47,88,47,78,1,33,89,26,75,47,81,64,15,35,54,37,67,84,5,64,42,75,89,53,78,38,33,3,91,42,22,37,52,4,74,34,94,15,87,54,26,69,94,45,18,82,21,61,21,46,57,62,49,34,85,37,74,32,33,59,37,62,36,42,62,70,84,49,62,78,61,84,51,86,60,51,41,81,61,16,39,55,68,43,38,4,37,75,75,39,12,41,80,66,22,20,71,25,56,18,45,72,71,49,51,8,18,64,52,91,45,83,78,69,13,23,62,25,78,81,51
2023-04,32,95,83,90,0,49,92,51,76,1,32,94,29,78,47,85,70,12,34,58,38,75,80,6,60,45,76,92,48,62,40,38,3,91,100,24,40,54,4,81,39,80,16,100,54,29,76,78,37,19,74,22,63,20,42,52,55,39,35,88,35,68,34,35,63,39,60,56,43,63,66,81,45,68,89,68,88,59,87,66,27,44,77,62,15,43,56,64,45,40,4,37,89,79,33,12,24,55,75,42,18,72,23,60,8,43,78,71,55,50,8,20,62,59,88,45,79,81,73,16,24,69,26,94,83,51
2023-05,44,98,81,85,41,59,80,60,87,1,38,100,33,70,43,100,70,11,45,100,42,82,78,11,73,48,100,97,58,68,50,41,6,97,47,31,36,29,8,91,37,85,22,99,53,42,85,87,36,16,83,28,62,22,62,70,60,60,42,85,36,74,41,46,70,39,89,38,36,77,83,84,50,70,100,63,100,73,100,68,53,54,80,82,21,75,90,72,51,38,14,46,100,79,48,18,10,99,80,48,20,96,30,64,16,63,98,86,74,45,10,26,96,58,100,47,81,81,76,19,25,65,31,91,79,100
2023-06,37,93,85,94,57,53,76,89,98,2,66,93,34,73,43,99,78,10,48,78,38,100,82,7,61,62,83,100,60,68,44,38,6,83,35,28,40,33,10,99,40,88,25,96,61,33,90,80,46,18,84,26,75,21,49,78,73,57,34,89,35,75,34,41,61,37,75,38,47,100,72,92,54,78,94,70,92,73,100,59,54,71,90,82,21,59,100,68,53,32,18,41,92,86,44,11,8,65,78,36,20,84,26,68,11,51,100,76,71,46,11,23,75,57,95,66,83,85,72,18,26,70,29,82,84,68
2023-07,30,90,89,92,0,52,76,79,98,4,54,89,33,74,40,90,84,6,33,60,37,88,78,10,60,67,70,96,54,67,38,29,4,89,33,21,35,34,9,90,40,86,19,85,69,32,81,74,44,18,79,25,68,18,41,69,65,51,32,91,36,67,38,35,59,38,72,36,56,72,73,93,63,67,85,74,81,70,96,63,40,57,87,78,18,43,82,70,57,34,13,42,83,87,38,10,10,50,80,29,19,92,25,63,7,45,82,79,60,46,9,25,57,59,88,63,85,88,81,19,26,72,28,77,83,51
2023-08,31,83,84,86,33,51,64,68,95,1,42,78,31,70,38,83,85,10,24,53,36,67,66,7,48,63,71,94,48,64,32,26,4,85,33,18,34,22,8,76,36,82,18,78,50,27,65,65,45,16,75,19,58,15,48,49,60,38,27,87,31,63,37,35,58,33,70,31,45,55,67,88,55,62,84,69,73,65,88,45,31,52,81,71,14,41,67,63,43,31,9,37,71,77,35,10,11,45,80,44,18,85,19,56,6,44,71,74,52,44,9,26,43,54,78,63,73,85,74,13,26,64,27,67,76,41
2023-09,35,76,84,84,0,50,65,74,84,1,34,75,28,66,35,84,72,12,37,50,34,71,62,7,74,57,75,95,47,49,39,22,3,81,27,24,31,19,7,74,36,73,16,74,45,30,66,66,56,16,72,19,57,15,48,47,62,39,26,95,31,71,33,33,57,31,69,31,34,55,57,85,48,62,84,63,70,58,86,43,77,52,78,68,9,79,48,61,41,32,6,39,75,75,35,8,13,46,76,48,18,81,20,51,6,51,69,76,48,41,8,25,50,51,80,51,67,83,73,10,25,64,26,69,68,46
2023-10,36,76,84,90,46,54,94,61,85,1,36,80,29,66,36,89,75,10,31,52,34,69,62,17,91,66,80,94,56,53,46,27,3,78,32,27,31,24,3,77,40,79,17,78,41,24,77,68,57,17,78,21,54,16,48,45,98,43,29,83,32,78,31,41,55,34,72,31,61,59,65,91,63,60,88,66,86,51,90,51,81,58,99,82,11,77,63,66,49,32,7,40,80,81,41,9,18,52,77,53,17,84,20,53,6,52,71,74,55,40,9,24,63,49,87,67,75,84,70,11,24,65,25,100,73,46
2023-11,32,81,85,88,34,52,84,60,82,1,33,85,28,70,35,85,75,10,27,51,34,71,63,4,70,58,95,89,48,46,39,31,3,73,30,24,30,23,4,86,38,80,16,81,46,32,84,62,56,15,82,20,57,14,49,45,76,44,28,80,30,73,29,36,54,34,76,33,51,58,67,94,69,60,85,67,85,48,88,56,51,54,82,81,11,58,64,64,51,39,6,38,80,73,36,9,22,53,75,54,19,79,20,56,8,46,70,67,49,40,8,21,63,50,83,77,67,82,68,12,23,72,32,76,71,61
2023-12,27,74,78,97,0,45,62,56,84,1,29,66,22,73,37,74,73,8,20,50,26,61,62,5,54,60,72,85,39,52,24,18,2,71,25,15,34,21,4,79,51,79,10,73,49,28,79,57,44,15,78,18,58,12,44,41,61,40,19,82,30,67,30,22,49,31,76,72,21,44,63,92,52,62,69,77,66,52,80,49,30,41,75,71,8,32,65,54,34,34,5,29,61,71,27,9,18,39,73,62,17,74,14,69,6,34,56,55,45,45,8,19,45,53,70,49,56,94,60,10,22,77,31,58,68,47
2024-01,34,80,85,100,44,53,76,57,81,2,38,82,23,65,33,82,69,11,38,49,32,69,65,0,58,53,77,86,44,63,36,25,3,71,30,27,30,30,2,85,35,86,9,80,56,16,65,72,42,14,81,24,62,12,52,34,66,36,20,87,31,67,36,27,51,36,83,40,24,54,76,89,65,59,79,59,79,50,78,64,42,53,79,72,7,61,64,66,41,42,7,34,66,100,33,11,11,38,76,46,18,100,14,57,6,51,68,74,56,48,7,24,49,51,84,58,63,94,54,12,26,60,31,63,69,65
2024-02,25,88,78,100,32,49,86,58,88,2,33,88,26,62,31,84,66,10,37,48,29,72,58,26,61,45,73,73,50,59,26,32,3,69,40,26,26,40,3,82,42,76,9,82,50,12,66,69,33,13,74,24,54,11,52,29,80,40,25,74,32,76,27,34,43,36,70,28,74,60,65,78,100,57,76,56,87,52,74,68,57,64,73,98,14,55,68,59,87,41,6,29,70,80,35,8,11,9,67,48,15,73,20,53,3,46,75,64,59,38,7,18,52,45,85,100,100,77,46,10,21,54,27,67,65,60
2024-03,25,83,85,95,0,42,81,60,81,2,34,88,24,65,36,78,64,11,26,51,30,76,62,16,57,45,71,85,46,46,33,29,3,72,38,23,32,41,3,89,48,81,10,87,53,15,70,64,41,14,71,21,70,13,52,33,78,40,25,83,30,61,29,30,46,38,74,37,55,60,66,78,64,61,77,66,87,50,79,71,44,65,74,99,11,37,79,54,56,46,6,26,62,80,31,8,17,35,70,55,17,65,18,61,8,36,69,56,62,39,8,16,49,51,82,95,62,86,48,9,19,57,29,63,72,53
2024-04,26,80,81,98,0,45,70,53,88,1,39,80,22,71,37,74,64,8,25,50,30,73,59,11,57,46,71,88,44,39,28,21,2,84,79,20,28,30,2,86,100,72,13,78,38,17,64,64,44,12,68,19,52,11,47,31,63,37,23,79,33,48,28,23,47,38,61,32,51,58,58,68,58,62,74,59,84,51,69,61,33,78,63,81,11,37,66,53,46,46,8,25,60,70,29,6,18,35,74,52,17,66,15,63,7,38,80,60,58,41,8,18,43,49,76,96,54,81,50,9,63,58,22,60,70,50
2024-05,33,92,77,90,43,55,58,58,90,1,37,79,25,70,34,85,61,11,34,51,31,76,63,9,57,46,74,85,43,47,34,25,3,88,32,25,28,20,1,82,38,77,15,84,42,17,72,75,47,12,75,27,49,13,55,32,69,44,23,78,34,63,28,25,48,36,59,28,38,73,78,76,65,67,78,59,87,49,76,57,47,59,65,90,18,59,74,57,52,42,7,27,63,74,34,6,16,21,68,49,17,79,19,53,8,44,79,71,71,37,9,23,47,49,87,73,64,81,48,9,90,58,23,67,71,89
2024-06,25,79,81,100,56,47,54,60,78,2,31,68,22,68,35,84,62,12,32,51,27,64,60,9,51,40,62,87,43,46,26,20,3,74,29,17,28,9,2,77,41,81,11,80,39,16,72,73,40,12,77,22,50,12,42,31,62,45,20,84,36,64,27,27,48,32,69,33,45,72,65,75,68,65,73,61,78,49,73,43,35,48,69,79,17,45,62,47,55,31,5,22,57,73,28,6,9,0,70,41,18,64,15,49,6,34,70,61,51,43,9,18,42,50,83,57,71,88,50,9,62,61,23,69,73,58
2024-07,27,77,91,97,0,49,60,65,84,1,31,81,27,72,34,85,67,12,24,50,28,65,64,11,45,40,74,88,47,58,28,21,2,72,31,15,30,11,2,82,42,100,14,84,44,25,73,66,53,14,80,22,55,12,46,33,71,42,24,88,37,66,32,30,55,29,84,30,70,60,69,88,72,63,73,61,74,50,80,52,35,49,76,77,14,37,61,53,56,32,6,24,60,73,29,7,11,0,76,40,17,64,16,51,6,35,73,67,48,43,8,20,44,55,76,61,62,94,54,10,73,63,25,72,76,67
2024-08,23,62,83,89,0,49,48,64,100,1,32,65,22,66,35,73,60,14,16,46,27,61,53,8,35,41,64,79,42,51,24,16,2,75,30,11,29,9,1,77,38,91,11,70,40,30,62,60,47,14,78,17,54,11,44,33,65,34,19,84,38,62,30,22,50,29,69,30,55,47,64,83,54,60,68,60,65,42,75,37,36,42,74,76,4,31,56,49,38,33,7,20,53,89,26,8,19,0.5,73,52,18,76,12,47,5,32,59,63,43,43,7,22,32,48,69,48,52,94,53,9,80,57,21,53,67,52
2024-09,29,67,80,100,0,47,53,64,84,1,49,66,22,65,36,68,60,11,20,45,24,61,54,8,58,46,67,77,39,43,33,17,2,65,25,21,26,8,1,86,37,99,13,72,39,29,64,57,42,12,74,17,50,11,42,26,61,33,17,96,34,67,45,23,48,28,64,29,27,49,59,81,59,57,69,59,67,39,71,36,62,51,75,76,7,67,75,48,40,34,10,20,58,71,27,7,20,0,70,58,16,76,12,50,5,42,64,67,46,42,7,23,35,46,71,46,53,91,46,8,80,55,22,53,63,48
2024-10,30,66,77,89,0,48,74,65,75,1,33,70,21,64,35,73,59,9,22,44,24,59,56,9,65,42,66,76,41,39,36,20,3,65,26,21,25,10,1,80,37,93,11,74,32,24,75,61,43,11,72,18,44,12,41,26,75,37,17,80,34,68,36,27,57,33,59,29,31,51,62,80,55,55,74,59,69,50,64,39,51,49,78,74,9,64,68,48,42,33,8,22,58,66,33,6,20,0,66,59,16,78,11,53,5,40,70,65,50,42,8,21,48,46,75,43,57,87,45,9,84,57,20,78,63,57
2024-11,29,72,75,96,0,50,72,61,68,1,32,66,21,58,33,72,60,8,19,46,27,60,52,7,62,42,75,77,40,36,32,20,2,64,26,19,23,16,1,86,38,78,10,76,31,26,81,66,52,10,79,17,42,12,40,29,69,44,20,82,32,74,24,26,50,32,57,30,40,48,70,81,52,60,70,56,74,47,66,43,47,45,76,80,10,46,71,48,35,37,5,20,58,71,29,6,21,0,67,55,16,78,12,61,7,36,65,59,51,40,7,19,52,47,76,43,52,91,46,9,81,65,26,59,70,51
2024-12,15,58,75,93,0,41,49,56,72,1,32,56,20,69,33,64,64,5,14,51,21,52,51,0,49,44,66,73,32,39,19,11,2,65,22,11,27,8,1,82,48,77,9,64,31,23,79,65,37,10,72,15,42,11,37,27,58,41,17,82,31,70,22,16,46,28,59,65,40,42,66,89,40,62,58,71,62,51,65,38,21,35,79,70,5,24,66,40,25,38,5,14,50,55,22,6,19,0,68,56,17,66,8,51,7,24,51,50,33,45,7,17,33,50,63,49,44,96,48,8,67,71,29,48,56,50
2025-01,31,74,84,91,36,52,71,100,76,2,30,65,26,66,31,73,61,11,30,49,29,67,53,8,52,45,64,83,39,43,29,21,2,76,26,20,24,25,1,89,35,75,10,74,30,26,66,86,43,10,72,24,42,12,45,27,62,34,17,87,36,65,25,25,49,32,54,39,38,67,72,85,56,61,75,58,73,52,65,48,54,43,84,74,6,55,63,52,33,44,5,21,56,78,33,7,18,0,70,46,17,87,9,49,9,37,66,72,42,50,8,23,41,55,75,44,54,100,49,9,100,58,28,57,58,62
2025-02,27,76,78,93,37,56,71,69,81,2,29,70,25,60,28,77,52,10,32,49,30,65,49,0,60,39,69,84,41,61,33,23,2,70,27,20,24,36,1,78,34,84,10,75,48,19,62,76,51,23,65,23,64,12,53,34,55,37,21,82,33,62,25,29,44,36,74,31,43,59,65,71,52,61,76,54,80,46,92,54,43,42,73,64,9,51,59,52,42,43,5,20,64,69,38,7,20,0,66,49,15,78,12,43,8,40,73,66,40,46,8,22,45,50,76,50,58,89,56,8,84,60,28,59,59,63
2025-03,22,91,82,93,0,46,68,68,86,42,33,70,25,63,37,75,60,13,23,48,27,66,48,4,46,41,69,86,42,53,25,21,2,75,29,16,26,31,1,79,38,78,10,75,53,22,71,79,39,22,68,54,58,12,48,34,63,35,19,88,37,61,27,25,65,37,77,34,55,57,64,85,46,64,72,58,81,47,87,61,33,48,79,68,28,39,66,49,37,46,5,17,61,65,38,6,18,0,72,56,16,61,9,48,7,34,69,56,42,45,8,18,43,53,77,45,60,98,54,9,58,63,26,55,59,59
