Month,Imported Food,Food,Food &  Non Alcoholic Bev.,Alcoholic Beverage. Tobacco and Kola,Clothing and Footwear,"Housing Water, Electricity. Gas and Other  Fuel",Furnishings & Household Equipment Maintenance.,Health.,Transport,Communication,Recreation & Culture.,Education,Restaurant &  Hotels,Miscellaneous Goods & Services
1996-12,155.45143810593527,24.911878915418225,24.652448537624476,25.080170109932055,48.294224619194644,13.601667059748793,39.48901761006937,44.84643565346181,23.884198622417703,0.0,27.487030140362613,0.0,0.0,17.257043629532102
1997-01,155.45143810593527,26.199350950017912,25.843920885974462,26.193349347737914,45.326378453884296,13.783016016023666,39.348587741821994,44.326853119526255,23.385829004045092,0.0,27.063875875506277,0.0,0.0,17.041535395692215
1997-02,155.45143810593527,26.25705223524526,25.902834257925033,26.70546976383597,45.73772938984804,13.71242653622859,37.3362820254091,42.446534334930256,22.30293301329621,0.0,33.15510393582984,0.0,0.0,17.063552079737214
1997-03,155.45143810593527,27.002462857164566,26.60238927924533,27.01255416892704,45.96254430936577,13.716532127005395,37.91574040423666,43.45892386704847,22.170257066554573,0.0,33.45937686244201,0.0,0.0,17.881564577208866
1997-04,155.45143810593527,26.86460921509421,26.487986961305193,25.93114887075998,46.91428628496713,14.121386256502369,37.131000980966206,44.66731900701467,21.625230646749248,0.0,33.993496275852166,0.0,0.0,17.222789106091614
1997-05,155.45143810593527,27.635294666358778,27.220144530470602,26.877536941716517,50.808413965011376,14.385354489403014,37.65200300497035,44.266940037813704,22.142801716283085,0.0,33.893961708523236,0.0,0.0,16.30069503852345
1997-06,155.45143810593527,28.62336305032745,28.145505902049933,27.081476067161038,49.58852215954262,12.199210331973575,38.07077842851358,48.4647914601312,24.652306726964333,0.0,37.30255913633408,0.0,0.0,16.70071247562169
1997-07,155.45143810593527,29.046420358117476,28.533518821212354,27.050392955186748,48.312407264488805,12.472287173347178,37.425303204901844,47.49561996334567,24.40081164109538,0.0,36.25422730186257,0.0,0.0,16.65631662208025
1997-08,155.45143810593527,28.722614083127613,28.23005655230127,27.260970282373343,49.91166263142456,12.65526008920849,38.10739589229853,48.39418904297353,23.46014465923293,0.0,36.11460637318358,0.0,0.0,16.507386287625636
1997-09,155.45143810593527,28.0054577126469,27.576758674185907,27.543761116989728,49.19617830954282,14.683664484603046,38.46233494255743,48.53607244489556,24.12528133925607,0.0,36.555447954056646,0.0,0.0,16.500903297171323
1997-10,155.45143810593527,27.04726073023934,26.66944685978383,27.35060251476602,49.79791519244776,14.674953943465399,38.8771262374749,48.506771460657205,24.142490597243423,0.0,36.48758113670258,0.0,0.0,16.499582786679717
1997-11,155.45143810593527,26.961923732536462,26.548197531459117,26.351862364983596,48.296739041372675,15.043723909883177,39.32148889357761,48.726662431027734,24.35178699483247,0.0,36.436865099192076,0.0,0.0,16.796209939163717
1997-12,155.45143810593527,27.00064308818202,26.625105488264406,26.877886646293415,50.550866873022535,15.632458322885547,38.943962172665984,48.809539937485944,24.301012488042453,0.0,36.94545746206223,0.0,0.0,16.93854986972938
1998-01,155.45143810593527,27.26340652187837,26.811262328712466,26.266236847772955,48.97642765247478,15.768366593155768,37.7058471644618,49.576515465520494,25.528095368854043,0.0,35.149811137388966,0.0,0.0,18.353302944959584
1998-02,155.45143810593527,26.241622642639793,25.879727467765147,26.382301831155335,48.59929258169543,15.547009334413046,37.37297643262721,50.78043734326716,25.6670496111609,0.0,35.06877345537342,0.0,0.0,18.41739301430765
1998-03,155.45143810593527,26.32456285195195,25.87822831468974,26.03918277124696,46.37321171357118,15.105355123123895,36.79113298056097,51.38157803859835,28.555525993142332,0.0,34.780585465242844,0.0,0.0,18.642600350481565
1998-04,155.45143810593527,26.49513383755819,26.079404294910074,25.95133542248529,46.30708615110313,15.707200760565406,36.330729230313416,50.94064574650944,27.849880390935066,0.0,35.60143812305461,0.0,0.0,18.165104583100348
1998-05,155.45143810593527,27.607711190202483,27.13749322664282,26.040809980847563,45.8048170372669,16.564412276715828,36.07553446110512,50.12008920732477,25.57783682718886,0.0,36.87652070599696,0.0,0.0,19.30455954658789
1998-06,155.45143810593527,28.395637481457513,27.892613467667303,27.561890539192298,46.28589486321733,18.18717121271106,36.35602733117913,49.73244497523991,26.86392778402538,0.0,35.35847897667339,0.0,0.0,19.42662142868998
1998-07,155.45143810593527,29.036656952384465,28.491538698527535,27.12653283070305,47.46031295173628,18.73576053261784,35.87749316610541,48.72617662359927,25.942435808404475,0.0,35.94457739013953,0.0,0.0,25.703787462551897
1998-08,155.45143810593527,28.28937472976678,27.805890248289945,27.63587875471454,47.744488697278975,19.26692201062856,35.47308356711624,47.28875176417203,28.627035542796175,0.0,36.68961557496815,0.0,0.0,25.985469891963536
1998-09,155.45143810593527,27.71139680377548,27.31685908944496,27.297981516990543,47.24721230555428,19.666199162989713,35.12877161597929,47.97440528106638,28.798019284680805,0.0,35.02403976277514,0.0,0.0,27.602502519793585
1998-10,155.45143810593527,27.627393542290175,27.224513575797204,27.73841069700062,48.833059805878,20.524370720519002,34.87003268963682,48.31063898437681,29.55601268733659,0.0,35.26828047810533,0.0,0.0,25.981361155255854
1998-11,155.45143810593527,26.436896903163788,26.10885012386619,26.935801271251673,47.893408548028084,26.032127204465944,34.851309589509974,48.20730567199539,30.17049892038452,0.0,36.02916515566529,0.0,0.0,26.023932270731194
1998-12,155.45143810593527,27.59891439087379,27.201550160478227,28.599668760995073,48.98791188067259,23.68516268827107,34.96676606332954,48.31628452136689,30.352353703739738,0.0,35.8215351658701,0.0,0.0,33.93378025542476
1999-01,155.45143810593527,27.614407220454986,27.200122351700895,28.62675371073132,50.18728662219054,30.00670833296345,36.122053834685744,43.74342186589201,31.62772846216862,0.0,36.70770997238811,0.0,0.0,34.19371973556598
1999-02,155.45143810593527,27.089887184117707,26.72471548046068,29.90049941250994,45.982308189930265,30.666706492969404,35.03333898928121,44.52850287718441,32.10980879110629,0.0,36.16287169365211,0.0,0.0,34.116971621126176
1999-03,155.45143810593527,26.903634011950988,26.52953959710716,29.426284089794663,46.48133612438844,28.553862296792083,36.400013875653954,45.12880097090965,33.553180656618714,0.0,35.770931221014315,0.0,0.0,33.50142698046369
1999-04,155.45143810593527,27.467270661450854,27.094815428672064,29.75024856717991,46.53951340773791,26.69659972438747,36.161543132364315,44.785126351740615,33.849440797343185,0.0,37.809062561107616,0.0,0.0,34.04292558914865
1999-05,155.45143810593527,27.919925701595925,27.539309397776563,29.42030394668418,46.59793727737993,27.010628702268995,35.44434750973032,41.94747149373052,34.32099960387522,0.0,38.560449661664116,0.0,0.0,33.817200243865656
1999-06,155.45143810593527,28.108515499984467,27.66550731446122,31.162566877968846,45.78823193423273,26.09258127068553,35.606897240229216,43.404136111009215,34.26672699284304,0.0,39.158556177006346,0.0,0.0,34.222541437209784
1999-07,155.45143810593527,28.040788352329184,27.603211045552406,32.44829566864791,48.204516900354115,24.240591626359574,39.84632760680958,41.69339015451551,33.05682561645477,0.0,42.62876369715034,0.0,0.0,34.71881615851103
1999-08,155.45143810593527,27.190145816495626,26.80306719789367,33.24837283371545,47.31773840037753,23.430802825000313,41.45999132433798,42.67513112653391,33.841844384291996,0.0,44.42384795165898,0.0,0.0,34.915877991066274
1999-09,155.45143810593527,26.54445698260303,26.197572432244513,33.1880999297872,46.86369260466279,22.231965822165574,40.88249743771602,43.53371127939396,30.597110742631084,0.0,43.188771119431394,0.0,0.0,38.98293336948792
1999-10,155.45143810593527,26.260616892726645,25.929748206241797,33.3124148879511,48.22309499827815,22.483849071835245,40.87477556089408,46.74433980057269,31.356928228103946,0.0,42.3846239395916,0.0,0.0,38.788813296690584
1999-11,155.45143810593527,26.59623023194361,26.24134375482763,31.969835062321337,48.671893021062154,22.729190932348416,41.858963235713794,45.537273256482095,31.31969509762158,0.0,42.25870478579751,0.0,0.0,39.1896665583076
1999-12,155.45143810593527,26.872153628297884,26.529721238459558,30.477017542337126,49.65563105551824,22.46163931853777,40.64827601760494,46.402306728376765,31.83248887872162,0.0,40.781854665466795,0.0,0.0,39.52758567157177
2000-01,155.45143810593527,26.991285594849433,26.66281959963951,31.993016000704618,50.679777928368,22.88096932102738,40.38393408940751,46.174743079770344,32.37611118628978,0.0,41.11832912324394,0.0,0.0,39.77976116901845
2000-02,155.45143810593527,27.22980094011544,26.967729684552776,32.879837552976035,51.63241356825831,21.99695722409673,40.20400083174511,47.25885456002679,33.62853091906093,0.0,41.66636613180915,0.0,0.0,40.21933738679142
2000-03,155.45143810593527,27.290537557097377,27.088544819795512,34.50867622193962,51.84810162877784,22.501510100971704,40.53985150369959,47.69047759558737,33.41081438303358,0.0,42.69227887629809,0.0,0.0,39.88511391259055
2000-04,155.45143810593527,28.09391297797081,27.867575043453236,33.786580630394646,52.4503943406143,23.198203562616673,40.32177844122178,48.69931816150954,33.398315633408565,0.0,41.332897810327644,0.0,0.0,39.841349558416205
2000-05,155.45143810593527,28.47649333376741,28.254194312670222,34.57651787764631,50.78751852992538,25.786006282864314,40.513314141275416,51.64711896091124,33.52165556648205,0.0,40.978811139527856,0.0,0.0,40.19453460444033
2000-06,155.45143810593527,28.831150099808372,28.573164647025823,35.13244139208182,50.732560513485105,28.882069248812243,40.38334897877656,50.881025268223226,34.92149423407116,0.0,42.150332041520535,0.0,0.0,40.50001861686745
2000-07,155.45143810593527,29.185519356994615,28.911466310116218,35.18795976473108,52.39287719552568,27.51235325380999,41.36092132115419,50.765893438578246,35.4054179988378,0.0,41.383563036091104,0.0,0.0,40.8517775381961
2000-08,155.45143810593527,29.2239600858313,28.95528607447494,36.22827722310583,52.385506337654476,29.890650611355813,41.588452244398574,51.19289050542438,36.427750729558724,0.0,47.08057157442024,0.0,0.0,40.79667192099715
2000-09,155.45143810593527,28.687560409016694,28.440477954418398,36.979231909165335,51.198404671740796,32.73752546306224,41.34721804033724,50.34219863295056,36.039207977528505,0.0,42.510838797898636,0.0,0.0,40.90037710010644
2000-10,155.45143810593527,28.93303057022816,28.678862910565933,35.866214591752346,52.229887548380425,33.61853556418417,42.22593911047427,49.71242918633471,35.86920167767839,0.0,42.59536533374474,0.0,0.0,41.00447276964221
2000-11,155.45143810593527,29.099408694877756,28.88780714737601,38.423125833346624,52.36692899673623,33.714456063919606,42.837334132749355,51.60413092785044,36.74108023988422,0.0,43.52454933120001,0.0,0.0,40.59622528106409
2000-12,155.45143810593527,29.949136607267373,29.773171075674014,37.39183152967217,52.099762305086074,33.36794147119085,42.69412990598922,51.67839493883668,36.710594872074346,0.0,44.372499862353145,0.0,0.0,40.75483754094946
2001-01,155.45143810593527,30.24469775627803,30.160441442295,37.16624397274762,52.437887148821375,31.84567281446627,43.575305054403835,51.45460740669745,38.86080037428645,0.0,44.708975346409794,0.0,0.0,41.34943851795933
2001-02,155.45143810593527,32.09747873208468,31.974373226305712,37.257601610961956,52.884182369532255,32.2130083208637,43.40544084773289,51.65006329930767,38.51835071191271,0.0,44.49096959151728,0.0,0.0,43.461136383293805
2001-03,155.45143810593527,34.65495593179295,34.442953703498816,36.346277880007165,54.55284090621581,28.851575651162204,44.64156165218415,51.596794133055305,38.20677138592938,0.0,44.25039758084899,0.0,0.0,46.08218320165211
2001-04,155.45143810593527,37.2808094717182,37.06545150964352,36.53897423237791,57.235201815567486,28.614559741648517,44.55938001608401,54.00299019571649,36.278920331456355,0.0,45.50745940875359,0.0,0.0,45.968691434152916
2001-05,155.45143810593527,38.083243476821806,37.751574178073625,40.43139254832314,53.09444050271254,27.788059081097906,43.51123710373862,46.27044559121439,35.41247819592675,0.0,46.080737409653125,0.0,0.0,46.54981686877567
2001-06,155.45143810593527,39.178266408891766,38.749674942438844,43.34425476846282,54.6874134079664,22.624192617156442,49.86226292989589,44.89110641178602,37.877643281379704,0.0,49.57245098441842,0.0,0.0,44.334200009562736
2001-07,155.45143810593527,38.55747713240655,38.31125619700625,47.35142944131109,58.00410847600405,24.78501882525239,47.348263153634015,47.46261044624566,37.66184150071516,0.0,42.370666210578975,0.0,0.0,45.08624411613796
2001-08,155.45143810593527,38.21532594701701,38.012171534141,51.99106334095174,58.30998323479908,27.720013096181574,51.42723308863004,49.94279071305818,36.475059764133874,0.0,48.592289596281624,0.0,0.0,46.41608675680043
2001-09,155.45143810593527,42.678284917464225,42.26729444344576,59.44554851894112,51.23155408215319,28.392270138700308,42.936453460487584,44.20431317630521,38.32579181663585,0.0,51.0869684596311,0.0,0.0,45.78090744613404
2001-10,155.45143810593527,40.26068971531056,39.971717848382674,50.05918234753922,53.8525870881526,29.172204716167936,43.94157966646763,49.88539751520878,38.16705226802929,39.624445604155774,49.507945001773464,20.51146517199482,35.265201713107764,47.45471117046354
2001-11,155.45143810593527,39.084021172197644,38.92791400266541,49.241403989841885,59.251173083439035,26.61742316248822,43.91116284961794,41.995457146705256,44.545165328320685,39.624445604155774,49.572267902159254,20.51146517199482,35.383541316171886,47.09915528701784
2001-12,155.45143810593527,39.06679254691265,39.02684655372607,51.42348281898009,58.308390966403465,25.17358490482271,51.55475933304496,43.57876341609766,45.92193253950078,41.16270314952468,50.55328367417216,31.5414346546454,35.30957906425681,49.68722245622146
2002-01,155.45143810593527,41.05832850215362,40.92185260008504,48.46400311448708,56.86085976796227,28.257269025063188,47.52677496399783,44.93261721526199,43.40489392092132,41.81541292684003,52.81721786355703,43.16661328307139,28.07902931703908,48.50471466670014
2002-02,155.45143810593527,41.0401685998262,40.955640591084176,47.82596728313197,56.93123803104785,28.54166059259336,45.13855620495459,45.26674910295122,41.594013229766844,39.59390947422289,50.85006001627471,26.617008987644148,31.472417434902717,55.055992258858666
2002-03,155.45143810593527,41.55125344071293,41.463786068479294,52.057029772648086,58.685121668802765,29.778066001400873,44.037068525922024,46.68064316569386,41.87881216176184,41.17797121449112,54.05821044358081,29.269874750650963,36.81545051324773,45.45474303189475
2002-04,155.45143810593527,42.41082215087773,42.41608861604116,50.972191472947095,56.56979310524635,29.178025123462476,45.46217119078173,45.727940145627805,42.65094509357702,39.009905989256524,48.10089681268923,28.095731709179937,37.81837864921616,44.820642307254275
2002-05,155.45143810593527,41.99286501423421,41.93149807880764,51.689054930060706,59.66739204204925,30.72517561060597,46.67984113745332,44.64781700706594,42.74319740949842,37.07467875476013,53.664949750899574,25.235937766587146,34.57291503518266,45.52226251711757
2002-06,155.45143810593527,43.313229604994405,43.34051436109743,59.34314411313556,53.236856899573546,31.139502381720614,47.20652577347783,44.69883318293207,43.24236388293209,39.132050508988044,42.694721809296766,20.55099077933147,36.208960047544124,48.864315247743065
2002-07,155.45143810593527,45.381689043940284,45.093900492466446,52.55565176508657,56.018709013528714,28.729961547103578,48.1121740292691,49.462107640923314,46.5071021436574,39.91835585475975,45.958346161129136,22.190140965939534,36.942665586541665,47.633540733561674
2002-08,155.45143810593527,42.645410837866365,42.57896173921044,52.829457897394995,56.660074723276935,29.19591748662715,47.32196008660416,49.90922110676891,44.52595676725987,37.50600159006209,50.29489357907402,32.15989415767766,31.448749514289894,46.66324474464082
2002-09,155.45143810593527,44.182669851808996,44.119834570987635,64.22837976733322,60.52498779992014,30.640294670894008,51.878623637043,54.793298018933726,45.771542312101985,37.73883958080031,54.37237960030382,34.02922288112857,29.605610196566225,49.44071161999663
2002-10,155.45143810593527,40.97004343853108,40.9650051737967,67.23753885040335,51.819897254327884,32.2973322920519,51.683906145570745,51.197981153236114,48.387440991607754,39.21602486630347,67.32978238285739,22.60632236083719,29.584900766030003,41.561424983419705
2002-11,155.45143810593527,41.45859137499093,41.523563490316505,53.66546154627885,57.56066172782908,33.011194468194546,71.68957015577723,50.34394149215646,46.206475357348296,39.65498173408864,51.07683790795744,31.948315906640307,33.504900117528976,41.471255191652496
2002-12,155.45143810593527,41.95784899743877,42.18917015245974,55.31903653946706,66.79804759807085,33.03851804688278,57.26613999200336,68.51219744365089,47.899799654810586,39.13968454147127,55.561926065502895,36.30775789230006,31.28603256007673,43.77042309381249
2003-01,155.45143810593527,43.699057683674006,43.76455535875788,60.45223117770328,69.81300780514205,34.59073444407892,64.22161832374866,75.15609178085813,41.9155389305101,41.242860490598495,51.88282704021089,27.43309652735966,32.09074186091275,45.8238890992671
2003-02,155.45143810593527,43.23546797195133,43.32390533773236,56.092792465358734,62.347975886044146,34.71150789544051,49.62067362229459,50.36186934641129,42.759383823619004,39.61299455543094,56.22022884203186,17.72607237262395,31.46945894482612,39.62342161204022
2003-03,155.45143810593527,42.63591181203356,42.7889800086536,57.30797903145272,57.79249600622863,33.14969860474041,49.458741470295564,68.87773315657849,40.52560745214967,34.79210304227722,56.97654165463253,37.507476326753626,38.333155922545075,57.23284850567892
2003-04,155.45143810593527,43.76722716318003,43.69257946441256,55.043102123511524,62.418831829648404,35.05938501660922,53.07684676638446,60.2890877568141,47.657105888660894,40.49090829100129,63.84542185389467,30.80904840105456,33.72974536335081,58.006895767182975
2003-05,155.45143810593527,43.4839326868722,43.58627903935841,56.60270560932813,59.63029218843173,37.6889156898956,52.042674993494664,56.13247263541958,53.41880341880342,40.971852337444176,64.84663770183515,33.67116737937304,39.46329913180742,48.732943469785575
2003-06,155.45143810593527,46.77934962922233,46.14043499106481,56.56308371540161,59.09958258795468,42.62993253684092,52.979443143377566,54.903171484703904,53.53632478632478,40.226164624902694,66.47428830815122,36.358126536247006,44.277821625887924,50.23391812865498
2003-07,155.45143810593527,46.8191503239553,46.903194874253586,60.72904284824815,63.87000596302922,50.047111144612366,54.96747332812907,73.76929553746841,55.42735042735043,40.24665055107142,64.97633097723883,38.88009697296205,41.48776637726914,49.21052631578948
2003-08,155.45143810593527,46.014697569248156,46.10556596783332,58.75360842248259,66.32081097197377,47.67647834771794,56.65365599791829,57.09233791748526,54.44978632478633,40.381857663784984,65.04117761494066,37.587124145594125,40.65903709550118,48.70857699805068
2003-09,155.45143810593527,46.45823368265426,46.56758052565053,60.86488934171054,71.2701252236136,53.9705272679305,55.31095498308613,61.128262699971934,56.875,39.996722251813004,68.79579793787693,40.12256304926092,43.05445935280189,49.64912280701754
2003-10,155.45143810593527,47.03656998738966,47.12112626945037,61.827135337069116,87.79367918902803,52.65518411035315,62.596929482175376,62.273365141734494,61.71474358974359,41.40205678698734,64.45755787562415,39.890231994343246,44.80268350434096,50.22904483430799
2003-11,155.45143810593527,48.79332086793929,48.86457743102471,62.670515650648106,85.65891472868218,53.6464025929974,66.23991673172,62.234072410889695,66.88568376068376,43.17613799319867,66.29271772258608,46.796188423852655,39.86187845303867,55.716374269005854
2003-12,155.45143810593527,47.88885506805236,47.962341454909996,60.62149770759042,88.46750149075731,52.36874835110994,63.533697632058285,65.69744597249509,62.87393162393163,40.79157618715942,64.76882173659295,54.30149163271491,40.331491712707184,59.71734892787525
2004-01,155.45143810593527,48.55850763143019,48.62485289630824,60.989415294051064,94.7644603458557,51.765725700071606,59.73458235753317,64.84984563570025,69.63141025641025,41.16851722866391,65.40431878607093,54.910939762281565,46.124704025256506,58.00682261208577
2004-02,155.45143810593527,48.9281210592686,48.995336268142786,61.75355181977699,98.39594514013119,51.58481890476011,61.07728337236534,98.10272242492282,66.99786324786325,41.1398369320277,64.40568056546267,57.55749351830028,44.139700078926595,58.28460038986355
2004-03,155.45143810593527,50.26307779275558,50.31164189513141,62.16675157072509,96.11210494931426,53.54841141220368,61.51964610981005,98.45635700252596,72.84722222222223,41.16851722866391,65.11899358018286,56.16014007205629,42.936069455406475,58.996101364522424
2004-04,155.45143810593527,51.33713093012132,51.38386435949963,62.87994566140262,62.52236135957067,51.92401914596918,58.32422586520947,65.6188605108055,68.95299145299147,41.22178063670259,68.80876726541729,52.07246035220041,49.89344909234412,57.904483430799225
2004-05,155.45143810593527,53.89833456537809,53.924944427494225,64.1874681609781,63.041144901610025,47.808389552632576,60.58287795992714,62.20600617457198,64.84508547008548,44.28237800630966,71.47396407496271,56.07596215360786,41.01026045777427,59.24951267056531
2004-06,155.45143810593527,52.77644910205679,52.804777056182715,63.740306786664405,65.36672629695886,52.297139411299135,60.10408534998698,60.016839741790626,65.68910256410257,47.424919080591636,72.03812982296867,55.91434055018687,47.74664561957379,59.537037037037045
2004-07,155.45143810593527,52.25029351654563,52.29917621932615,60.995075564612,67.4299344066786,54.56978102739984,62.638563622170174,61.521190008419865,59.44978632478634,62.85901585610685,69.71662019324299,51.95124414963467,45.89187056037885,61.296296296296305
2004-08,155.45143810593527,53.97225725094577,54.003399729765064,70.11377143827475,68.2051282051282,53.608713677307506,62.07129846474109,64.8835251192815,60.75320512820513,96.68947433113452,76.0391673691719,52.8569985521398,45.21310181531176,64.00584795321637
2004-09,155.45143810593527,53.72005044136192,53.7636751950486,66.16290258674366,66.73822301729278,57.08740059548487,62.33671610720791,64.9228178501263,58.88888888888889,101.32339083049946,72.3040010375462,51.419239705040575,49.37253354380426,65.44346978557505
2004-10,155.45143810593527,54.48101926338218,54.52643507823737,67.06288560593197,68.10375670840787,60.25703840500509,61.56128024980484,64.78248666853774,59.289529914529915,100.54082845085426,71.3961481097205,52.86373278561568,50.05130228887135,65.229044834308
2004-11,155.45143810593527,55.23329129886507,55.26740182190646,67.17609101715063,71.59809183064996,63.50205404590511,64.04371584699453,64.02469828795958,60.24038461538461,100.34006637440078,70.39750988911224,55.05235866527492,50.38674033149172,63.97173489278754
2004-12,155.45143810593527,55.01152324216202,55.04947042670967,65.37612497877399,67.36434108527132,59.9630648626239,60.119698152485036,63.222003929273086,61.43162393162393,100.58589748842546,78.26989170611503,54.81666049361932,52.367797947908436,68.76218323586744
2005-01,155.45143810593527,57.13788755055007,57.16776358802249,66.37233259749816,71.09719737626715,62.14525308106885,63.15378610460577,65.59640752175133,61.29807692307693,100.57770311795795,73.18591531029116,52.50345129465639,55.44198895027625,67.65594541910332
2005-02,155.45143810593527,59.551245814671475,59.56065030728327,66.53082017320429,72.65951103160405,57.057249462932944,65.18345042935206,63.48021330339601,63.93696581196582,103.13844388904823,72.84222813047143,50.648169972052926,56.57853196527229,64.41520467836258
2005-03,155.45143810593527,59.93825281558465,59.94420956282962,68.34210675270278,71.43112701252237,60.66407869445597,66.40645329169918,62.69435868650014,63.16773504273505,99.086327692875,73.62687244666364,51.5842284251995,57.85319652722968,63.11890838206629
2005-04,155.45143810593527,60.603556985693785,60.61543826003574,68.86285164430859,74.41264162194395,61.64022161082426,67.97293780900338,68.70614650575358,63.33333333333334,99.086327692875,78.60709422216458,52.61793326374625,60.410418310970805,64.58576998050683
2005-05,155.45143810593527,63.18215419402531,63.1652355838382,70.46470821305259,75.55754323196184,63.81110315456225,68.4153005464481,75.69463934886332,63.77136752136753,99.086327692875,77.16101420141365,57.27465571231354,58.76085240726125,65.682261208577
2005-06,155.45143810593527,66.008609818672,65.96783332606894,69.14586517235523,78.58676207513416,61.945501827912416,67.59823054905021,70.94583216390681,70.69444444444444,105.80980866144958,79.08047467738798,57.81676150712145,61.60220994475137,71.59844054580896
2005-07,155.45143810593527,69.19163369135106,69.10604541690276,68.29116431765439,78.02623732856291,61.57615045415143,68.1654957064793,74.04434465338198,71.96581196581197,100.02048592616872,77.67978730302833,56.985083672850934,57.44672454617206,71.67153996101364
2005-08,155.45143810593527,71.62673392181588,71.5555942989147,71.3646912322409,76.60107334525941,58.45550823502808,68.99297423887587,73.85349424642155,68.51495726495726,99.13549391567993,79.26204526295312,61.0256237583757,58.275453827940005,71.0672514619883
2005-09,155.45143810593527,70.77444884115319,70.68386871812753,74.16652515990265,72.7072152653548,59.838691440847256,71.50143117356231,75.88548975582374,68.9957264957265,99.086327692875,77.70572595810906,63.04926091787601,52.55327545382793,71.92007797270956
2005-10,155.45143810593527,68.60025220680957,68.53070653358321,75.24197656647988,73.61359570661897,60.95051445369917,72.02706219099662,75.20628683693515,69.93055555555556,99.086327692875,77.97808183645678,62.77315734536516,54.861878453038685,71.2962962962963
2005-11,155.45143810593527,69.50471800669654,69.43294250969795,73.56653648044377,70.8288610614192,58.2708325481476,67.45251105906844,78.3553185517822,70.56089743589745,99.086327692875,75.76681149082421,62.662042493013224,53.51617995264405,69.67348927875244
2005-12,155.45143810593527,70.84837152672088,70.77539990411019,75.58159280013585,71.95587358378057,58.55349941582182,68.86286755139214,79.1187201796239,69.27884615384615,99.086327692875,80.85727255041826,61.44651335061787,49.04893449092344,76.0233918128655
2006-01,155.45143810593527,68.53067791451059,68.46968574292812,77.42684100299995,70.20870602265951,59.15275317529115,69.81524850377309,77.46842548414257,74.73290598290599,99.086327692875,81.7456714869334,62.09299976430182,49.25808997632202,73.18226120857699
2006-02,155.45143810593527,68.23063877897117,68.18637492917229,75.20235467255335,73.0649970184854,71.80492217238911,69.89331251626334,81.75694639348863,69.61004273504274,99.086327692875,74.664418649893,60.04915990437388,51.68508287292818,67.32456140350878
2006-03,155.45143810593527,67.9479932165065,67.89870548751253,76.48157581932418,74.03697078115682,75.71703162100027,72.40176945094979,79.93825428010103,70.5448717948718,99.086327692875,74.65144932235263,60.41617562880906,52.036306235201266,66.34990253411307
2006-04,155.45143810593527,68.69156846545201,68.65274811489343,76.96835908756438,76.26714370900419,75.09893340368598,74.1087691907364,79.28711759753017,71.96047008547009,99.086327692875,75.01459049348291,61.98525202868783,50.58011049723756,69.41520467836257
2006-05,155.45143810593527,69.1698917250076,69.1234799285185,77.51174506141393,77.22719141323793,74.23962612595636,74.90502211813688,75.31855178220601,72.13675213675214,99.086327692875,72.92652875948382,65.00892285935554,48.47277032359905,70.26315789473685
2006-06,155.45143810593527,69.32643388268035,69.28474916096413,77.73249561329033,78.83720930232559,77.23966381487205,75.24329950559459,75.84058377771541,73.44551282051283,99.086327692875,77.08968289994164,61.09633320987238,48.745067087608525,70.15594541910333
2006-07,155.45143810593527,71.75718571987652,71.68635313603278,82.74749533027679,82.24209898628503,72.58508272716995,73.14597970335676,70.4462531574516,72.06196581196582,99.086327692875,96.25186434083392,63.830432001077476,64.30544593528018,72.5243664717349
2006-08,155.45143810593527,74.12271165804236,74.07052259948568,87.56438557763062,82.39713774597497,73.51976783627934,75.96669268800416,74.2351950603424,74.32692307692308,99.086327692875,99.74709811296283,69.924913296744,69.96448303078137,72.75341130604288
2006-09,155.45143810593527,73.06605209375135,73.02445190254107,86.39836984207845,87.76386404293383,74.92556439151247,77.40827478532397,77.84451305079989,76.55448717948718,99.086327692875,107.22391543998442,71.37614061079496,72.77426992896606,72.21247563352827
2006-10,155.45143810593527,72.54859329477759,72.5275683214924,86.17761929020207,89.7376267143709,76.64794783854069,76.85662243039292,82.2902048835251,79.05448717948718,99.086327692875,107.89183580831335,66.64534159399307,71.64167324388319,74.84892787524367
2006-11,155.45143810593527,71.4571465843371,71.46406311293205,90.6152714099734,88.21109123434707,77.09267704368146,77.29378090033828,87.43193937692955,81.10576923076924,101.7986643176138,107.25633875883535,67.70261624970537,74.64483030781373,77.23196881091617
2006-12,155.45143810593527,72.3355220246119,72.33143006581527,91.95109526235355,90.31007751937985,74.80495986130478,78.67811605516523,89.22817850126297,85.11752136752138,97.82029745564797,99.34504895921145,69.26495841610829,77.22967640094711,79.89766081871345
2007-01,155.45143810593527,71.57455320259164,71.61225646166587,97.41325635365371,89.14728682170544,75.75472053669017,78.1160551652355,86.61240527645244,89.79700854700855,99.11091080427747,96.29725698722521,74.54796457793191,78.05840568271508,77.729044834308
2007-02,155.45143810593527,72.96603904857156,73.00701739092533,97.75287258730967,90.16100178890876,75.15169788565184,77.95992714025502,85.04069604266068,89.47649572649573,98.33244560986603,93.1846183775371,77.27532913566112,77.86108918705604,75.19493177387915
2007-03,155.45143810593527,75.05326781754141,75.05557250577517,95.5453670685459,90.22063208109721,80.61659066068671,79.88550611501431,84.0303115352231,84.93589743589745,98.90605154259025,91.23921924648207,73.53782955655073,74.66456195737963,91.95906432748538
2007-04,155.45143810593527,75.879462538592,75.84012552848363,96.62081847512312,90.16100178890876,80.80503523913617,81.34270101483216,81.3920853213584,84.1880341880342,99.06993895194003,92.53615200051875,80.37307653456345,76.55880031570639,92.30019493177389
2007-05,155.45143810593527,75.36200373961822,75.43913176132155,98.59625290088867,84.94931425163983,85.58022085704594,82.3367161072079,75.74515857423519,94.41773504273505,99.12729954521244,92.02386356267426,79.70638742045186,71.49960536700868,87.29532163742691
2007-06,155.45143810593527,76.37517937122233,76.43289892341892,98.03588611535632,84.40071556350625,84.06135755474315,84.24668227946917,80.59500420993545,93.05555555555556,99.086327692875,96.38155761623759,79.36967574665813,83.5043409629045,81.80799220272905
2007-07,155.45143810593527,75.46636517806671,75.52194569149631,97.02269768494935,85.9809183064997,87.40813326800588,85.43325526932084,81.6166152119001,92.83653846153847,99.086327692875,98.21671746319953,85.45068857537291,84.07261247040252,82.03703703703704
2007-08,155.45143810593527,77.74057485759012,77.79714945735083,100.83772004301808,87.76386404293383,88.6292541363585,87.46291959406713,84.1369632332304,92.48931623931624,99.38542221493833,98.3139874197523,85.32947237280716,86.36937647987372,83.52826510721249
2007-09,155.45143810593527,76.92307692307693,76.98208603931482,100.4981038093621,87.20333929636256,87.81894244902574,86.54696851418163,85.3494246421555,94.19871794871796,99.086327692875,97.84709162829905,81.88154483315937,87.49408050513023,84.4785575048733
2007-10,155.45143810593527,76.43170848371528,76.50263696988189,99.96603837663442,88.9922480620155,86.6807371951909,88.09784022898776,90.01403311815886,95.81196581196582,99.086327692875,96.41398093508852,89.25889760598,88.47277032359905,86.2962962962963
2007-11,155.45143810593527,77.68839413836587,77.77535631783114,100.46980245655743,92.01550387596899,87.01616854483098,88.90970595888629,91.15913555992141,96.60790598290599,99.086327692875,96.86142273523117,88.25886393481261,91.21152328334648,87.65594541910332
2007-12,155.45143810593527,78.87985389398618,78.9609031077017,101.17733627667403,93.98330351818726,88.30512946142541,89.88810824876398,91.21526803255684,98.58974358974359,101.40533453517433,98.42422670384539,86.16115020707767,91.02604577742699,87.61208576998051
2008-01,155.45143810593527,80.79749532547724,80.87434075752952,101.82260712062036,91.66368515205725,87.8000979911808,89.67473328129066,91.1310693236037,92.79914529914531,101.43401483181054,98.76142921989495,89.35991110811811,91.81531176006314,87.67543859649123
2008-02,155.45143810593527,82.14984563203896,82.1950050124221,102.55278202298071,93.02921884317233,89.168205630724,90.11189175123602,92.03480213303396,92.48931623931624,101.45040357274553,99.58498151870825,86.67631906798209,91.87845303867402,88.55750487329435
2008-03,155.45143810593527,82.34987172239858,82.39986052390708,103.50370747721742,92.3315444245677,88.76116534127313,90.20036429872495,94.36991299466742,92.05128205128206,101.45040357274553,98.975423124311,85.61567729553184,96.87056037884767,89.44931773879144
2008-04,155.45143810593527,83.92833847893203,83.99511833674758,105.68291164317655,93.39296362552177,90.09158406512645,91.39734582357532,97.49087847319674,92.52136752136752,101.48727823984922,100.68737435963946,85.22845887066904,97.35990528808209,90.71637426900585
2008-05,155.45143810593527,84.58059746923512,84.64891252233797,104.83387105903662,93.9773404889684,90.35540647495573,92.1311475409836,97.47403873140613,91.53846153846155,101.45450075797928,101.31638674534726,84.47759183810902,96.47987371744277,90.42884990253411
2008-06,155.45143810593527,86.17210940557463,86.23109445146667,103.69615667628914,95.08646392367324,93.20091960954284,95.91465001301067,96.18860510805501,91.17521367521368,99.086327692875,98.85221451267752,84.66278325869557,98.82794001578532,91.37426900584796
2008-07,155.45143810593527,87.25485932947775,87.28588240421915,105.40555838569084,97.66249254621349,95.57155240643728,96.46630236794171,96.57030592197586,91.46901709401709,99.29938132502971,99.33207963167109,84.6829859591232,99.69613259668509,92.95808966861598
2008-08,155.45143810593527,88.54633213027786,88.58475351959203,104.45463293145411,97.67441860465118,98.14193645648814,96.82539682539682,95.71709233791749,92.29166666666669,99.29938132502971,98.60579728941053,86.54836863194048,101.56274664561957,92.23684210526318
2008-09,155.45143810593527,89.19424272731226,89.23854770518241,101.58487575706118,97.25104353011331,98.72611464968153,95.94067135050742,94.19028908223407,91.76816239316238,100.737493342074,97.07541663964723,86.62581231691303,100.655090765588,92.69980506822613
2008-10,155.45143810593527,88.92899073792233,88.97703003094625,98.2905982905983,97.16159809183065,98.16454980590208,97.76736924277908,94.71793432500701,91.98183760683762,99.77055762691032,97.91842292977108,88.39691572106804,102.34411996842935,92.13450292397661
2008-11,155.45143810593527,89.25946862634258,89.32136163535719,97.894379351333,96.56529516994634,96.43839746730487,96.78896695290136,94.60005613247263,92.07799145299145,99.35264473306839,98.47610401400688,89.02993366780026,102.62825572217838,92.43664717348928
2008-12,155.45143810593527,89.61603687437491,89.674410495576,97.52080149431143,98.49135360763267,98.75626578223344,96.19047619047619,95.86865001403311,93.86752136752136,99.29938132502971,98.57337397055962,90.90541769083134,102.69139700078927,93.74756335282652
2009-01,155.45143810593527,90.49006392138105,90.54177744845921,97.62834663496915,97.79964221824687,96.37432631063206,96.26333593546707,96.27841706427168,94.00106837606839,99.29938132502971,97.80169898190778,92.26909996969593,102.03235990528809,95.96978557504873
2009-02,155.45143810593527,91.99025959907814,92.04114544741314,98.59625290088867,98.19916517590937,95.47733011721253,96.22170179547228,98.13640190850408,92.99679487179488,99.29938132502971,97.76927566305687,90.91888615778309,103.16890292028414,95.2485380116959
2009-03,155.45143810593527,92.37291820672262,92.43778058667131,98.82832399388691,97.88908765652951,95.5263257076094,96.52354931043455,98.29357283188325,94.11324786324788,99.29938132502971,96.71876013228714,92.98292871813865,104.14759273875296,95.1364522417154
2009-04,155.45143810593527,92.5468539374701,92.61648433073269,99.92075621214694,98.61657722122838,96.38940187690801,97.98594847775175,99.64636542239685,95.73717948717949,99.29938132502971,97.7952143181376,89.74039529950502,104.40805051302289,95.62865497076022
2009-05,155.45143810593527,94.077488368048,94.13328684130235,100.0679232467312,96.88729874776386,98.06655862510836,96.18527192297684,97.94555150154365,97.11004273504274,99.29938132502971,98.94299980546009,96.34331122260008,104.17127071823205,98.21637426900584
2009-06,155.45143810593527,96.27342696873505,96.3169594211742,100.64527084394635,97.04233750745381,98.54520785437005,97.35102784283112,99.34325007016558,96.67200854700855,99.29938132502971,99.87679138836651,96.67328866291794,106.17995264404104,98.05555555555556
2009-07,155.45143810593527,98.36065573770492,98.3960249313516,102.13958227203261,99.85688729874778,100.15829344589757,98.77699713765288,100.85321358405837,95.65170940170941,100.83992297291762,100.08430062901239,97.5723088319472,100.08681925808997,98.54288499025343
2009-08,155.45143810593527,99.27816671739792,99.31133679117814,100.65659138506821,99.85688729874778,100.61809821731431,99.672131147541,100.33118158854897,95.09615384615385,102.10595321014463,101.20614746125412,97.44099127916765,105.16969218626677,99.8635477582846
2009-09,155.45143810593527,99.81301908944644,99.82129625593863,99.81887134205016,99.68992248062017,100.30528021708815,101.11891751236013,98.80437833286557,95.96688034188035,101.50776416601795,100.4668957914532,99.48146402235764,99.67640094711918,100.79922027290449
2009-10,155.45143810593527,99.61299299908684,99.61644074445366,99.7905699892455,100.32796660703637,100.78769833791883,100.92115534738484,99.94948077462811,96.7948717948718,100.93415823329373,100.05836197393165,98.94945957776355,97.96764009471191,100.65789473684212
2009-11,100.0,100.0,100.0,100.0,100.0,100.0,100.0,100.0,100.0,100.0,100.0,100.0,100.0,100.0
2009-12,100.54,101.61006390407105,101.68506524373717,99.9380033407362,100.8842723824504,101.41998017041263,100.81443159466221,101.55274290309441,101.96331341981187,99.21946936085234,104.23887726306293,100.7352997979888,103.229659741116,101.55403459428955
2010-01,101.06,102.83430826963225,102.83620171264555,100.72744289186478,103.07934049972026,102.61364019939492,101.92528184515322,102.41648668463735,103.46569802845579,99.70610713073667,105.76670101402784,102.53495111824768,108.25159681001188,102.83538157481188
2010-02,103.1,102.9146684943796,103.63036653100693,101.64119923428751,103.59594531964188,104.43793089862952,103.6030979494825,105.36806915378088,103.9388328391255,100.06992185196538,99.37551691850688,107.97974480513876,106.73160958314601,106.27335102901856
2010-03,103.51,106.14033238831922,105.93183238300323,103.80335612422475,105.9104119480054,104.81651793623473,106.09360172231051,106.83209034372923,108.08327633002601,100.88743637666498,107.08972322066124,106.79518326892399,107.46364652740364,106.09339759299459
2010-04,103.44,106.30115264481967,106.06220250634851,103.8679337711409,105.98007040607907,103.93119958572433,105.4898548899528,106.85637443306823,106.71474833753209,100.76996514792039,108.2890938107205,106.61081383570576,111.5123154048529,107.00069439834301
2010-05,104.46,103.84484725342318,104.65143640458251,101.9830760296808,104.7123001185185,99.17725427186278,103.01692499181695,104.10231663161687,105.88803779343033,101.19120458459113,105.00834099761688,105.74652071667266,109.30822666548008,104.82776168050488
2010-06,109.97,108.5,108.59,106.75,108.72,105.22,108.7,107.89,106.23,103.42,103.98,106.77,108.62,109.27
2010-07,109.05,110.39,110.55,109.18,110.42,103.87,108.37,111.56,109.3,103.99,102.8,106.65,106.42,110.57
2010-08,111.03,112.77,112.85,109.96,112.1,102.96,110.68,112.96,110.01,100.88,106.37,108.07,111.63,111.67
2010-09,112.95,112.62,112.43,106.63,112.39,105.99,110.46,110.04,112.15,101.36,110.09,107.63,107.27,109.24
2010-10,114.3057562547355,113.46340881542513,113.52229294994079,109.63466324425708,111.55559694762105,110.74804468536952,109.37384495388889,110.76289583806513,105.81281842770744,101.41341792472493,109.02293582188268,108.43395601901395,105.98171006605509,110.82011579316443
2010-11,113.43666974505275,112.7629131004736,112.84823651733727,110.00213838992964,112.19678078371443,111.04026915709221,111.11485733986729,111.84493758405553,110.38944270778096,101.14737279057678,109.67601365852077,107.94145537208497,107.82680809415267,113.07515281755315
2010-12,113.48200579412403,113.42189070609743,113.35718039915564,109.70970933995848,113.7754556931747,111.83203336963687,111.52678897055982,112.90819047018114,111.66452632133166,100.84593977169278,109.18331179764422,109.29181829539293,111.28747166318773,112.70646261135546
2011-01,67.18752519563161,111.70333211642198,116.51583994048032,107.79727317854595,114.90202374707229,110.78778549194298,112.37082682900854,111.64978541671876,108.27817091737693,105.83084748647858,108.1236879134024,111.16573756578632,113.2452474915424,111.57350064187874
2011-02,117.5726281480722,115.50738296572503,115.16425738067699,110.24596209077018,115.12991952685461,115.50746693225432,114.44446065774609,118.61102219566362,111.62606765934747,101.9033383289741,103.73612752481348,111.6644270485407,114.87673801569244,114.59471041519693
2011-03,118.03090657685178,115.9595637498344,116.26158576272437,109.84356131142216,115.68880475313524,118.2356608356906,115.12103321762586,120.51138734140804,111.92917924855143,101.82735288468159,105.11706499669788,111.6037685612688,115.9292565872902,113.83598859187423
2011-04,114.89163378716377,116.38790927892141,115.45892081337938,112.29319567522967,116.26726846631004,116.09149324125161,114.7668616080435,117.77934792653679,112.22544429063637,102.47673073543712,106.12079331268596,111.60355588832495,115.10944270278897,115.4938318499758
2011-05,115.99546026974089,116.6734016847306,116.20630498898494,112.85473162702039,117.21913799058358,115.98157245849889,116.3783416169953,120.06176904370048,116.18050347957204,102.77545349895915,105.63705877276801,111.68837373306195,115.93513976960782,114.65957671917698
2011-06,112.40355638968039,117.9724162549603,117.20931260758108,112.11951116546075,117.23232478815508,116.32896736881348,115.36271219860943,121.0993068061348,116.50940561794062,102.02106312689529,106.4672638309754,111.70952305600852,116.835855789797,114.708098655391
2011-07,111.77357173689137,118.04834326129966,117.57132922689775,112.18236866932385,117.43117879236756,118.27934910928684,116.73910930626765,118.79363651016882,119.04275083837175,103.3506176923521,104.91947626895032,112.49700635848615,117.3173729450036,115.83246976120382
2011-08,113.41973779561191,119.86142461599285,119.12745403650644,113.81185398861403,117.9305715307589,119.90618339439703,119.73329265864054,121.10964000050281,122.07456803498008,103.42688069884565,107.89455376459401,112.5859539608366,116.12326412411078,116.85986945182027
2011-09,115.52024583762314,120.67657121824831,119.75474761350932,114.13915835323157,118.36668255043793,124.84644569910206,120.21995554310898,123.563164631048,121.3417060014559,103.71602612580222,108.21619504209484,113.21113040908209,117.67131677374279,117.18246021674261
2011-10,115.5270015137355,120.90533373977566,119.98329004613213,114.56352290393737,119.12978225580702,125.56826712328834,120.30035820546203,121.69006147335897,121.25205542161049,104.2579584629717,111.0577828940437,113.22026660969985,118.8044281037244,116.66638589524962
2011-11,118.96841002893963,120.84817854572135,119.7456955792697,115.51064635839079,120.92524065392458,125.1446568537484,119.72899117625202,123.3085742529273,122.84250283611968,104.96009802480525,108.61434635007059,113.68721038462269,118.9773171738618,120.4701522418176
2011-12,121.11889530310272,124.51642476026367,123.81879486312445,115.1854429313557,120.18641564917993,128.03683532401666,119.19589557017974,122.13512461015002,128.17387102915583,104.63077781803791,107.88503595801774,114.60278035117653,121.1055706770845,117.3722319694481
2012-01,113.44936100440803,125.45846139881532,127.08621936473521,119.32739716160464,119.67052470886878,135.4035447004463,120.6078089211475,123.27815190447937,127.4436857424852,105.85689356562246,108.92269056965803,114.86240176423452,123.36919580362999,119.91753016700662
2012-02,113.49843692899131,126.25567378533349,126.22356779663696,119.33111778984814,119.69237175985963,135.47581634243016,120.62455049110383,123.28756665694031,127.47016344263504,105.85988614000357,108.92485704197344,114.87522155689543,123.37417621806458,119.92343010949082
2012-03,129.46690738941538,129.07517376850873,128.9244168002024,113.18432751341861,135.1585830716077,136.89766144401653,127.35044153055811,128.97899037479982,137.6035101089898,110.55302669138841,115.10973900091567,124.24130728041189,122.91791286385232,131.40681431906674
2012-04,130.71515676710862,129.36714180682526,129.21475701300403,114.58596830333707,136.3084056146883,136.94895507465566,128.0923093028376,129.35323007991556,137.58028860090513,111.0958540033173,116.40102826440456,124.43689237162275,123.07179223508902,132.2660534001153
2012-05,132.08,131.08580679814628,130.89476568337898,115.50446857264936,136.79492365345462,137.16442276485037,128.4178265855037,130.08781058611876,138.1626814348006,111.7451087607767,117.76084211986608,125.32,123.52063014990853,132.97684168825648
2012-06,132.05796447433804,131.43326993796595,131.25553167482167,116.0926909419032,137.04467272905254,146.51127403177338,128.2957427251545,130.4297639991616,138.2850313196959,112.13916780562306,117.61847432396347,125.46414988868105,123.72219277578745,133.38595921655954
2012-07,132.38632831395208,131.72238293785279,131.55659663318437,116.37805035049885,137.00583989835073,146.90511913130973,128.47039414776185,130.78750658431318,138.67415566249807,112.18564110827784,118.35245048618617,125.8769586926508,124.18383896063028,133.63093340328967
2012-08,133.76306834744835,132.52038534491183,132.354338791311,117.01593799505545,137.89590047609119,148.3442340937433,129.47901732298638,131.53865520410855,139.6431038456874,112.59546139668963,119.25196583314214,126.07213504843173,126.04018426997406,134.80347921562463
2012-09,133.93,134.1514602567259,133.97122189868423,117.3397917240343,138.90869915038567,151.07095158834073,130.33209233723724,132.304394847949,140.37185298764726,113.28727979564133,121.00779725633406,126.6,126.23533055496299,136.08563675518928
2012-10,134.47679342445198,135.3029182296777,135.1013276020118,117.60503161431343,139.6708402472949,152.90611440129993,131.22147721483765,132.99428382154593,141.5472743804926,113.64790797384853,121.9332093393208,127.92935641653725,126.84831409746877,136.857741538834
2012-11,134.54827071704946,136.18528016010555,135.97357635487776,118.0736690578214,140.06539111333694,154.17657924572072,131.77655918806587,133.25344132902225,142.12492772804643,113.68556195639464,122.80961550959407,128.6134944736638,127.1592183067597,136.9554044180947
2012-12,136.74322203290518,137.57511926993539,137.34548631060363,118.7604033492878,141.15310141250575,155.1017836069863,132.05448499791558,133.55672538764964,143.14629502867052,113.83442308833872,122.84056804612747,129.0341448359322,127.27885321427206,137.21300432481618
2013-01,137.83997736488985,138.63968200978408,138.3969282785375,120.04648539760771,141.83380433051155,155.4157200770887,132.36361973779916,134.00415763377137,143.60548287207357,113.91980869394777,122.94017570932387,129.36459939165593,127.46474123415639,137.62901307007894
2013-02,137.85159502186318,139.86320233918065,139.61215731163918,120.95833106750567,143.0394506873949,156.70259125942582,133.27858619295574,135.28612885199095,144.90596527337453,114.34683862841734,124.06084427969732,130.49900192786643,128.6202369191259,138.90590530707047
2013-03,138.47222886861456,140.72291364545424,140.474886633692,121.68061517682685,143.9531944158056,157.54626569451605,134.22705488002185,136.28605695770383,145.8713549262428,114.89427874234138,124.84095169693508,131.49301402408128,129.110479058512,140.0397873541384
2013-04,138.60017425906466,141.96859624423467,141.7047298637531,122.46882388792878,144.73185496338402,158.31921064968384,134.64371974708,136.68770814961135,146.26981456827892,114.9562774567415,125.37841282370002,131.60369672756158,129.26058146452147,140.29605020076502
2013-05,139.0297485468305,142.7250444868456,142.45612440123205,122.90708633522823,145.8119780838439,158.84478892834966,135.61833735631777,137.80249748757302,147.31762681833087,115.49796654069637,126.34757901949067,132.80840560773157,130.42819930715362,141.5594588006714
2013-06,140.38251754683384,143.8915257092543,143.59281010562538,123.64903590705083,146.53347350442496,159.8976953427593,135.90745830257183,138.6166512205478,148.1330580839991,115.68604208127708,126.63371530523,132.9572464550661,131.2908077763273,142.11857143464277
2013-07,141.45177062498405,144.96065478070963,144.66534563641108,123.94301513450887,147.1629031304031,160.79586585680252,136.54721707799996,139.23605115884936,148.9191625148318,116.08278261911222,127.17561711563532,133.15873657074198,131.7489675900914,142.41285591546824
2013-08,142.6386867686453,145.80169118996199,145.49385833798522,124.14866813332864,147.247539820559,160.82369299286054,136.6510403833836,139.26339533148774,149.10468829878664,116.23231048959845,127.21611612908282,133.34190589414212,132.11938893930855,142.66705454296746
2013-09,143.725246776274,147.06563366569907,146.75269955304813,125.2896366755173,148.49083088355252,161.70059979237118,137.61647073171073,140.2101691834607,150.19308951476592,116.80001128267551,128.3953235026847,134.502313318454,133.173702952274,143.71762792023682
2013-10,144.96100333554756,148.30613878377397,147.99012907115514,126.15415419172457,149.81155611603543,162.59245701311633,138.45339272970432,141.35648609316357,151.3541688196801,117.6854139727698,129.4689598344353,135.6065905859256,134.44195433818626,144.975148580684
2013-11,145.84327604713263,149.5830482563829,149.2504673902864,127.04410637681876,151.0461535872454,163.78133342800734,139.01498178792127,142.04523591409628,152.38133001787324,118.11259807919629,130.34226443719007,136.69466125917447,135.43479528133503,145.8539069949822
2013-12,146.716351930236,150.99681872224238,150.64517001031393,127.63738131291805,152.19228833865398,164.85388228502947,139.7626504050779,142.73794434705627,153.42549592169428,118.6512935696157,131.139464374177,137.721434407197,135.89232339712353,146.76259761760195
2014-01,147.71252302375362,152.2780925250978,151.91805198665713,128.38874366453032,153.02978521336112,165.18620053555986,140.73073970555004,143.38279056159195,153.63570718744512,118.65548579204565,131.73504471676554,137.7555734083638,136.10001753776595,147.05876097628197
2014-02,148.5826726657453,153.20889273942018,152.83839015381088,128.90431151148124,153.63859218965942,165.8497030728328,141.08534899451513,144.38689319845585,154.38880438775234,119.17951148883655,132.42473387163346,138.4240435158303,136.4885175217392,147.49280399407715
2014-03,149.754399724447,154.72819753703806,154.35158199890557,129.59790986952981,154.08583280464126,166.67606247054232,142.09579000964564,145.21263821298103,155.30726482832344,119.85933981141712,133.57297164887834,139.243076723374,137.3865729457055,148.31310843396886
2014-04,150.660799786244,156.06580222379583,155.681668871695,130.45657274142013,154.7056755584809,167.39821418307164,142.67612683490998,145.52023454178678,155.6729907307594,120.20528637017833,134.46303087093384,139.756957557303,138.41891564721791,149.52608707817993
2014-05,151.809331395981,157.39328351234295,156.9935845436814,131.10905662900947,156.11988113530043,168.5143960989325,143.84036945133448,146.54110074973417,156.9425907637224,120.65308249231227,135.36298001614412,140.69403358403,139.57236981679796,150.74856547877096
2014-06,152.76017499903406,158.76076116862163,158.3460245639006,132.25477594852757,157.45729465999398,169.8431534634688,144.89188807477584,147.77060712873333,158.0340906621753,121.25953014017414,136.19322516015015,141.29998204120346,140.84958696496304,151.81181351421355
2014-07,153.528548218315,160.10626874793115,159.674190659511,133.17921198525022,158.25570496298064,170.69290431466112,146.37388538770634,148.525708954334,158.92861964062962,121.90575368140291,138.15220029812681,141.946200049623,141.508179129945,152.4837063860486
2014-08,154.5592785515775,161.0801865668902,160.6385700937553,133.92647038861028,158.75564162501593,171.1496493797431,147.23074681560632,149.34845296032847,159.92306629640834,122.0158731174204,139.38692532490953,142.77383623590708,142.20374862545006,153.0536349942746
2014-09,155.591437116474,161.97229916545277,161.52395536453645,134.76104219950963,159.14715582307667,171.60971307229119,147.98703239936742,149.98996237339108,160.85094999815522,122.58616599901683,139.77424726078067,143.921828457598,143.03913095619953,153.6380310820554
2014-10,156.48406616515288,162.7426001662155,162.29104823210238,135.57606512090604,160.13996359501297,172.2691365471387,148.9539460243438,150.688637857239,161.67841213929918,122.76700784272086,140.30668997159364,145.21998114565744,144.03118440195732,154.5584122295474
2014-11,157.6300002623087,163.8403034824895,163.37962455061918,136.5268779823584,161.35534824272915,172.9059513666766,150.19527637078463,151.72067606995108,162.66641623977426,123.21207921640786,140.8650348243809,146.2309635241523,144.99896755131294,155.68482094982667
2014-12,159.21300650981877,165.3933869557427,164.9199528573719,138.06636315889693,162.87789635170643,173.80869508185688,151.5586606401393,152.74034791336766,163.98956728152314,123.51136418375486,141.74836885915863,147.42845807951502,146.42585852813264,157.13139934463908
2015-01,160.65980098546973,166.89781921294332,166.40391852554865,138.92946841723233,164.1511788440428,174.88739005895692,152.9678533730925,153.9226008884696,165.2559917674453,123.61527221790946,142.60889631650514,148.55294487481578,147.56071869228788,158.35201010806645
2015-02,162.25151250552221,168.19881179015806,167.69352952049067,140.16369365676712,165.12189257559646,175.7895231920993,154.1998188481399,155.03002846047735,166.56159026628276,124.05507388156647,143.53535556800378,149.30361574822572,148.67596995329308,159.3570449538144
2015-03,163.64299952027758,169.939502192826,169.4149491538738,141.42432368701037,166.61386230973707,176.85859385384515,155.63436522963474,156.70270800791988,168.1410205668106,124.23791336336922,144.30530386591792,150.87384034975364,149.8704577132393,160.81329438149447
2015-04,164.8977607637045,171.5767735221077,171.03817798937808,142.70712364383309,167.5306048149509,177.8946134571037,156.44296746571845,157.78413084392167,169.5048240321759,124.5398380830627,144.89797887709858,151.61722069930204,150.7613755649859,161.79323326768645
2015-05,166.99895605043503,173.5334431455943,172.9738705546754,144.31005190303352,169.46900873561071,179.66773253890517,157.9306079954758,159.56870947802977,171.90735362734054,124.8321374278022,145.93313649992973,153.68633467747748,152.07073494176186,163.52500994185675
2015-06,168.64393564061308,175.3918563744606,174.80357292406288,145.3789412577762,170.53970490226848,181.0702781173932,158.67040571250848,160.5152809472773,174.22741715599102,125.35968830025755,147.38699929357915,154.93628339346068,153.27972706859725,165.06380895461757
2015-07,169.98975079968977,176.7094468180316,176.10393077188328,146.4109113996399,171.64952483662861,181.98376794901844,159.4006798632548,161.39850344246048,175.57789940891908,125.65589527174669,148.34863803562988,155.59968398286884,153.6132634056941,166.2486393656643
2015-08,171.3143224950177,177.84706931340608,177.23862249333297,146.93747982391795,172.41728272182303,182.91349036309498,160.44366053216,162.24381453665694,176.0552863416805,125.91638141921436,148.8056754822207,157.0243381157168,154.3598383311277,167.3369668553102
2015-09,172.8464340572141,179.17894101521466,178.5568241662671,148.16662991012933,173.73340956424067,183.9084607580818,161.35140137678061,163.51556824542305,176.93066352470854,126.18799916250089,149.56887969509043,158.20399792641982,155.10511366596043,167.8744469526536
2015-10,173.71163882655475,180.10073395608106,179.46999576439356,148.8017077995157,174.6331455381528,184.37653519480915,161.79409642086637,163.9766732713077,177.93414579251353,126.47324227921436,150.21324064601865,159.35737249067216,155.49076678711694,168.1738626970583
2015-11,175.1115017229037,181.54423175007125,180.88699031613683,149.74426827386264,175.84781824990804,184.97507085775794,162.34266652025,164.4559307582918,179.97666673907415,126.80184526337311,150.90296017520052,160.23771274454162,156.0961889312408,168.9019181011901
2015-12,177.15352591744886,183.79226728958622,183.1168755055174,151.50823274382338,178.51274034786192,185.87990136019982,163.27071666482104,165.63845452428018,182.41857861587962,127.1615398865445,152.12617189681987,161.17254841237445,158.15205658971828,170.74318660074442
2016-01,178.92561941846353,185.48977475628908,184.7991338935037,152.8439608014655,179.92476902921496,186.96311207334435,164.18392659081695,167.0899371610283,184.65828941660433,127.7129536522092,153.14302994968295,163.31948597837163,160.08634106591083,172.23697194253663
2016-02,183.43820125176325,187.79453889354477,187.05938603816057,154.71711384183374,182.40835598802755,205.60676051059008,167.1153873042099,169.18544604156418,186.89006489604392,128.4225725729629,154.30109930888216,167.11768988794205,160.80174252504997,174.39951444855518
2016-03,187.81188957399033,192.12262044866182,191.30110921776267,157.7115885301488,186.16847437355,208.78613710197425,170.5331065319534,171.34005224983397,191.81958351167623,129.27982972940646,155.8702478164226,169.90741881882178,162.02350402629733,176.60462393434022
2016-04,191.3786989661725,194.30378075664504,193.45903751815104,158.72157136970517,188.48542980906188,222.1350552013946,171.3919653672934,172.6810985258345,194.08255435124673,129.6654478120121,156.9550977420896,171.23580067066297,162.81180007739533,178.08589173753606
2016-05,197.715535924049,199.84296612069647,198.91880163011118,162.48180066009786,192.97826965376458,230.474125199941,176.10740634866278,176.58117196964147,199.90567402071073,130.46288088248647,160.30347568262167,175.73933789698415,165.42485248238563,183.70345856333483
2016-06,202.1983395117731,203.04027950259757,202.05795727599633,165.79616885175656,196.98231733122105,235.55837973260404,179.5968054183596,178.9223022675726,204.478084792207,131.19935133269155,161.19388241329523,177.38239187726285,166.9949191150264,185.47557054422333
2016-07,205.1777975993209,205.7095755087982,204.68248882892942,168.23720572186312,199.6017123714422,239.12777311844278,180.53449433179,179.63975784185078,208.28126199656776,131.69661814920713,162.0654524589744,181.35613816278166,168.07508243296246,187.29141721291478
2016-08,207.44213969846598,207.71091330555205,206.64659314406177,169.9794804023844,201.63579113122734,241.23535465445434,181.56478725543033,180.41399304051592,209.84397349293334,132.05155072383548,162.77240476821152,184.87177008940125,168.42521019427843,188.0507286532361
2016-09,209.3782449319233,209.37916336604354,208.29362819321386,171.51514377093505,203.8184296186524,243.10595366580685,182.75795843022593,181.26008586570697,211.15736164767105,132.40275691621073,163.58964037255748,187.58806697709298,168.87966733320636,188.93792158148074
2016-10,211.21676132880205,211.26230309811436,210.1519574185196,172.8515899926402,205.83605867343226,244.83157185540924,183.9685804702462,182.24894748637928,212.3550383335272,132.82703445368514,164.4197006360425,190.04232432101864,169.48672775052916,189.95448553919297
2016-11,213.06977896896092,213.18822441355172,212.05129819735845,173.87587213537938,207.75681709149438,246.31626381160152,185.23181896220214,183.27167310717604,213.59985228958928,133.08736231378037,165.30936053485664,192.1302949957408,170.19718043511185,190.97258756627417
2016-12,215.25544893886803,216.17497891633786,214.99729424693624,175.02374371307744,210.13707394399975,247.67269963832132,186.6311453169648,184.3729156907283,215.73816666395095,133.3813444130069,166.45112955908067,194.39186289686722,171.74591430875833,193.06217885931656
2017-01,217.1840214931875,219.0875550916608,217.86669337012364,176.04336975052283,211.9539198176073,249.07063399157803,188.271550742417,185.6048013139828,217.95499645772205,133.64837524648175,167.21890264176673,196.2832545647089,172.9148739994856,194.5123290750102
2017-02,220.5313427897139,223.5503266534059,222.27773257209643,177.56491574303425,214.56745720363188,251.11183118290202,190.86949271896313,187.5295245776149,221.0232379702084,134.2002175054523,169.60146192717303,198.24210666096462,174.2892656608073,196.1415970366288
2017-03,224.0089375519565,228.81715475708194,227.48207581179778,179.3530704830321,218.2301060437159,253.48941018820713,193.73315213249654,189.7397896563322,223.91101361853225,134.8764982074082,172.4765352059382,200.3519051270614,176.29482714244273,199.3126151986903
2017-04,226.00264400529477,233.63615057110425,232.26597202505778,180.83912383626074,221.88976442935763,255.62143311760204,196.5292224372638,191.99461058669226,226.76676525298737,135.34181229292065,175.3272530896044,202.51880660726997,178.31116799430205,202.59141706814853
2017-05,229.0257677296792,239.65760865296102,238.22148101575817,182.55446182801995,225.81430965611258,257.6923642575033,199.11829077045732,194.38673303617506,229.68239092764483,135.91371160082014,177.82623977225532,204.74257242634363,180.35551077771362,205.10836026741623
2017-06,232.5960007919148,244.64261097384573,243.1799434987685,183.98055737436943,229.49666712901018,259.5341149312798,202.4226457309823,197.0057384504578,232.88958040305332,136.33855310585017,179.1680847468968,207.43616322237523,182.62655361874354,207.57490910104613
2017-07,235.87811360363233,248.53642794825467,247.06312086234936,185.4714700940339,232.50375743381875,260.86225269308807,205.59970327775724,200.0944658024961,235.13371294822267,136.59936197840557,180.38807263448038,209.1568117645066,185.7920657230983,209.47750595358033
2017-08,239.00994617519942,251.50631381086805,250.00499730164694,186.53672025505088,235.17524139668583,262.1642743300841,208.3832039398605,202.08581544119448,237.35543347811628,136.8495612127803,181.549763238047,210.62557379351765,187.45388480662524,211.37437298827032
2017-09,242.202612400753,253.87515836210804,252.36072384285643,187.6913347881599,237.5353346772495,263.434735726915,210.75170364550524,203.68011399532833,239.64516475530652,137.11718589233374,182.75095929634037,212.13658537945628,189.14629064775835,213.21644246738163
2017-10,245.42367453961833,256.2003973632008,254.671805438774,188.95303894377432,239.80514863045286,264.72414203180085,212.71539286055122,205.20110335044578,241.83469878715485,137.41017124253693,183.92619422912287,213.9837614064085,190.7957979655428,214.9523943259996
2017-11,248.56695790085718,258.65020925486687,257.10582116799407,190.23317734754878,242.05822602978,266.1903371036939,214.67752391523655,206.8772409521414,244.0289869575163,138.42427709519194,185.03223728080332,215.9164660316307,192.5080253230866,216.75969090340882
2017-12,251.48999508122938,260.28898390325867,258.74811266757143,191.5099841693805,243.8117226794681,267.4224017234321,216.38062773363433,208.372482758883,246.54543145239893,139.4282447286978,186.20938422993018,217.63659872712577,194.251814356728,218.57807601375913
2018-01,254.64332175018345,262.6691930018552,261.1136742653528,192.88284090557798,245.67521353364484,268.907078806383,218.189526402088,209.96619816071396,249.2386314417745,140.28424906967683,187.53740595859733,219.46691663063626,196.11045194392793,220.5853154761433
2018-02,258.0257282555654,264.98622346774346,263.4196490296523,194.50039755521388,247.63999367755264,270.5776278181357,220.01751359986494,211.64229659575992,251.63030483479002,141.27814891939224,188.91190426508038,221.2207846719743,197.75533033154798,222.5125630757492
2018-03,261.26,267.46833639675197,265.8850216696843,196.12417202147242,249.7423682703266,272.3669877471699,221.79577706894,213.46865067137557,253.96174564726513,142.09593544604084,190.39768195989865,223.12,199.437376506841,224.546093768603
2018-04,264.51,269.95161369499675,268.3503805796203,197.71344310436098,251.89711671305247,274.0928244740573,223.58307895195173,215.41082320663034,256.2949343841834,142.97060351902917,191.96044864238,225.04,201.12267610178654,226.58122142245315
2018-05,267.8558581211628,273.6807756046915,272.03276947327294,199.37911798224917,254.05328282040293,275.98898544971905,225.53051119766832,217.43492903670824,258.67762809429286,143.88994495290495,193.6451991684368,227.33166424548912,202.8795941661945,228.68991383543266
2018-06,271.21,278.13663221752296,276.42777199428434,201.2676619610894,256.41351331015596,277.98409083691257,227.568105131674,219.5450608995526,261.1166097986272,144.83153650698816,195.3328795405116,229.65,204.69592043344667,230.8393588592979
2018-07,274.59,282.6038372047973,280.8334230137282,203.13116316921014,258.7218316887461,279.96312634018875,229.6133337698013,221.77732029554613,263.6033986887347,145.73360431074852,197.0468044883762,231.87,206.54577761952947,232.974340020382
2018-08,278.01,286.4729291593414,284.6498045568147,204.95104898144933,260.97937466039355,281.242709774817,231.28988421369166,223.36927632146632,265.3355991038894,146.70999956878518,198.22351596244374,233.48,207.92577761952947,234.41699565195478
2018-09,281.46,289.4836235191172,287.6274471944979,206.7499810755877,263.2355538787149,282.7129086191582,233.19200077643004,225.0461639866425,267.1804291437167,147.7039687190541,199.42558470061982,235.19,209.36092508915038,235.9341018725186
2018-10,284.989219831496,291.9644849600512,290.0921871699582,208.66730619510935,265.55153931903493,284.0535688481184,235.15406258968932,226.78884803350837,269.19053903344604,148.74833268802394,200.82660684877246,236.94167612740443,210.94466615001647,237.5975006360731
2018-11,288.55,294.7193955209302,292.825442785145,210.63821136501366,267.9330023692346,285.67691871004143,237.14915180618254,228.52906166677968,271.2673804310612,149.78036077399432,202.30898344117955,238.7,212.5640172954859,239.33500309547952
2018-12,292.21,297.22796130305557,295.32097124174214,212.47811769716674,270.0630456331872,287.175188516122,238.97348415764137,230.26858665907582,273.3275964124436,150.79871352152608,203.7288903947204,240.46,214.05460717396954,241.1067573261815
2019-01,295.85,299.8423980071912,297.91372850388524,214.32340969878862,272.1290788720914,288.6371673210417,240.82777927121364,231.93891504631068,275.41309147416257,151.80381983110183,205.10915888867038,242.26,215.52651962333775,242.85429539261315
2019-02,299.56,302.41663485910965,300.4646157887212,216.1280262063949,274.1349227481425,290.1713143440701,242.59778767623405,233.57148629816865,277.40243874990625,152.79011389636906,206.47593732527832,244.05,216.9919620322005,244.5457012922643
2019-03,303.32,305.1694869888671,303.1901327149844,217.9076757869788,276.218166362842,292.0302061562515,244.40041937619944,235.49801662092497,279.4312450238333,153.82071181221784,207.88615267991284,245.76,218.42549199169505,246.2190187021415
2019-04,307.19,308.980124379717,306.94570713360474,219.8035873999441,278.3904394259355,294.01200956923645,246.24957496271642,237.48454571147997,281.5900985599274,154.866386701447,209.33594555599942,247.52,219.8790219511896,247.96793853227203
2019-05,311.09,313.675368457549,311.5671373574747,221.79937346902057,280.779934747627,296.07633664937157,248.22879965200616,239.5446484863019,283.8630908186739,156.000432209402,210.84496731750093,249.44,221.47093440055778,250.0006407483097
2019-06,315.0,318.179831807963,316.00274594490696,223.68245708573352,283.223989316858,298.0369406022203,250.17186290513456,241.57578578008614,286.14142684525615,157.10849727811183,212.33180376318862,251.44,223.04769938030506,252.05117965351945
2019-07,319.01,322.5728875342778,320.3284839026428,225.50132041772676,285.6216133394358,299.96785824198844,252.15667032378732,243.48413480270145,288.43521824050765,158.14989192045417,213.7795717553575,253.34,224.64152427904145,254.0710714997973
2019-08,323.02,326.8886043196956,324.5774945644036,227.29946667276707,287.9747092948781,301.88268146738545,254.1287673368533,245.39364644468168,290.7138273224004,159.251333770186,215.2173357891686,255.26,226.23181921828328,256.0747260549562
2019-09,327.2,331.71387145631763,329.3248330600439,229.17498324441857,290.50107424708955,303.900187697731,256.16251532404675,247.42216707958855,293.0684947598793,160.39924489213513,216.7061013902833,257.24,227.97270403600876,258.1716806106242
2019-10,331.41,336.6887832596544,334.21870338772254,231.08388883607597,293.11018465330835,305.9349541233841,258.2471636501261,249.55058195274455,295.4798745353016,161.59351854693026,218.2259832118229,259.25,229.6913814651242,260.3389749335142
2019-11,335.61,341.2427716753385,338.70594411695083,232.98801163218963,295.79581938107356,307.85714724315346,260.3821705723282,251.7266389913931,297.99050946518264,162.8148772609856,219.8605432752453,261.3,231.4619713436079,262.62142855033085
2019-12,339.91,344.8677696216602,342.28855047821423,234.91125676546793,298.4908435489113,309.41621302366036,262.5343012464678,253.93981208418757,300.46890584944623,163.94611795656724,221.57368483736263,263.4,233.30064877272338,264.96921234647937
2020-01,344.27,348.54959599824844,345.9291648486831,236.92691392427832,301.2320845560648,311.1920661522069,264.7435072785082,256.23208255576156,303.0300836332968,165.12217493939727,223.33644594041922,265.51,235.21932620183884,267.3764593492823
2020-02,348.64,351.7224625428157,349.0744899843831,238.91204224752684,303.660245995782,312.93268890402663,267.02323237359843,258.4124756822162,305.3700859603458,166.3408085877605,225.12240933980368,267.58,237.22991608032248,269.6920205810379
2020-03,353.09,355.31505974339694,352.62810263633685,240.97683497893667,306.184255352775,314.8372631318978,269.23919591799284,260.57337868383377,307.76547753445055,167.61643288060495,226.8259094937791,269.64,239.21050595880615,271.8731667275198
2020-04,357.6,359.823343917383,357.0759165563484,243.20371104094562,309.01082275798115,316.9727973771483,271.6379575770633,263.42450141395955,310.8670512429305,168.9229314890176,228.60800847891232,271.88,241.3600682056471,274.31193999048435
2020-05,362.17,365.066813590629,362.2435101258767,245.36695483603756,311.83315883534846,319.23203093963804,273.9928851837172,266.5954636497625,314.2022021451409,170.36862104634443,230.70640631431004,274.2,243.46448298286714,277.0188319503204
2020-06,366.9,370.70863569529973,367.80158091704095,247.63341986284962,314.798678907566,321.56631372235574,276.41211981603766,269.88860684181736,317.6359433595812,171.81572989519816,232.86111693694636,276.53,245.6088977600872,279.703850737017
2020-07,371.71,376.5977695174506,373.60414275941963,249.93136473641752,317.8453594331141,323.98575126971656,278.91568659462723,273.2363574882604,321.27319888897586,173.28608518200787,235.05410689457472,278.9,247.8519899664227,282.473534823605
2020-08,376.63,383.5463288196571,380.43743045950566,252.30856790320607,321.04381494575057,326.49804121303305,281.7091299436875,276.65207775996015,325.01985633077174,174.80443238293782,237.32467848696027,281.38,250.14125727402185,285.31840079721655
2020-09,381.55,391.44794559014775,388.20739212242313,254.77981904039774,324.5847087143667,329.08082522592576,284.5690185681415,280.1986149875252,328.9992315682649,176.35927245977973,239.60968562210402,283.9,252.49890707149459,288.3612024864302
2020-10,386.61,399.6929737862125,396.3120121174067,257.30826425512987,328.24481164660676,331.75317806579676,287.53561538811954,283.8693995863623,333.12525271395776,177.98934345676278,241.97440733909747,286.57,254.95846931833555,291.6296632764968
2020-11,391.79,408.3403407337662,404.8121390219429,259.965067527157,332.10405863594445,334.5318678088582,290.81666340379144,287.66297982437646,337.42861955694013,179.6665265056959,244.4469281272814,289.35,257.5139117271983,295.00252068909856
2020-12,397.09,417.12708168321046,413.4505549836269,262.66045298847087,336.1031399641444,337.3197204255569,294.17802406209233,291.54984122618436,341.8225529314757,181.36033277360707,247.00404251197156,292.17,260.2199440145447,298.43972657897194
2021-01,402.42,425.0945701141165,421.29165976224795,265.85188783326714,340.2344432996529,340.1942611730785,297.5872856539875,295.53071765260444,346.2907045882512,182.97867997453702,249.57993541678246,295.04,262.83862144366014,301.86229843017844
2021-02,407.83,433.5304233025658,429.59339256561873,269.1234642826438,344.55068596740733,343.15891448503027,301.1283045533168,299.70526296481006,350.9571940719622,184.63795424502646,252.28874904095153,298.07,265.4702389537865,305.3979436663672
2021-03,413.32,442.23307856858645,438.1566711514069,272.51924414570476,348.86966631035597,346.19917143096825,304.7573449430111,303.9343939377078,355.7361183100555,186.2741124206259,255.0852392288752,301.22,268.11185646391294,309.0017444179357
2021-04,418.8,446.72719037285606,442.61924123087647,275.4008281534468,353.04547191211225,348.7053219725488,308.37471566347347,307.4701073255847,359.75072826238426,187.95091337595818,257.8936438357584,303.97,270.80509148416564,312.52782944638705
2021-05,424.38,451.640188381545,447.4802183876629,278.1889445615218,357.3377938774141,351.21368555661417,311.9368888005333,311.0527495685425,363.829825114131,189.64681086542566,260.71399933654186,306.89,273.668916382902,316.0384762041961
2021-06,430.07,456.8977227335079,452.67740468645576,281.14053880400184,361.8794530435576,353.84761835823303,315.6552941932575,314.74731730669026,368.0235318384038,191.35149699550686,263.74969391594726,310.15,276.65627124113297,319.6376941466339
2021-07,435.87,461.18795867131246,456.93279367739103,283.9521627903644,366.417819202853,356.726758785748,319.44008460930627,318.4586954299089,372.29118171672127,193.06221416121798,266.7492064600651,313.49,279.6246537310066,323.26438744254256
2021-08,441.82,466.2994789990739,461.9800704010188,286.65443510588995,370.76230494949885,359.68256762999255,323.1099614656814,321.785844088188,376.64025230506627,194.77097383743393,269.55815480391306,316.9,282.636271241133,326.7556158488143
2021-09,447.85,472.60124005980526,468.2048270996683,289.6539879796666,375.14679942920736,362.6896726016293,326.8214274493445,325.21862387880975,381.20772557284215,196.50042904737407,272.3995328311871,320.38,285.7317136499957,330.47925072697944
2021-10,453.96,477.033230761596,472.6134279967549,293.0292933675967,379.85904426982165,366.04597339472207,330.9685806203774,329.0508003373533,386.2732638960365,198.2557343534934,275.29643270662984,324.06,288.99421597784755,334.3233029924126
2021-11,460.17,482.39534501516187,477.9173740448119,296.3066735837997,384.4118075082958,369.54829629725145,335.0994157764873,332.8905361568608,391.2118270388013,200.01784381804143,278.5728405800826,327.77,292.5678980626667,338.7991306007043
2021-12,466.54,493.66018953605067,488.99180565320563,300.8775013540678,389.89305400354567,374.1327492989798,339.3433625833141,337.01126941690853,396.3585075561534,201.79580337876862,282.28923758786266,331.83,296.1433404715295,343.20089123651314
2022-01,472.99467198088905,502.26430695985437,497.4836066242757,305.5614301965958,395.44417296755046,378.4432627751742,343.6838321981693,341.2438288742399,401.6481327493801,203.6729465502537,286.05012386609684,336.001244992819,299.77284917751024,347.93873096477387
2022-02,479.6738561889615,512.0188817482531,507.0973494520383,310.3625289128838,401.1356509436785,382.8923725054676,348.1949692845783,345.61500329977383,407.1784777317694,205.6144189932705,289.90035765631694,340.3199864577482,303.5406569421773,352.80809722887227
2022-03,486.5343199840978,522.4889973387047,517.42250617669,315.39205647017263,407.2487138840405,387.86349710676393,353.04453697921446,350.3078403587979,413.62069846276484,207.6670562044199,293.8481146035232,345.05000453383127,307.4752546660329,357.85437011486715
2022-04,493.55045300523324,533.2526329272008,528.036267290822,320.6587070699823,413.51177598551163,392.97049638064345,358.09384709531554,355.1954597402275,420.28440336539484,209.8002539398547,297.9254782256019,349.88374642275846,311.5481662131418,363.09823621115606
2022-05,500.6723092613678,544.3562544334256,538.9841168524449,326.0808703416228,420.0046122247528,398.17303245563596,363.3346875113465,360.2530488938738,427.2985165018266,212.06074482084327,302.2204683390365,355.15203663813145,315.6877982725925,368.47755332488043
2022-06,507.88327497249253,555.7636540012577,550.2303506173482,331.60612749397313,426.59171232315276,403.48214479038086,368.70394971101274,365.4112999848154,434.48721744437404,214.3567265318016,306.5932744810751,360.52111196269436,319.96654402595556,373.9486967994003
2022-07,515.0455597464238,567.3637176558283,561.6660555861603,337.1990601731701,433.32219278804115,408.9035188613082,374.164618379011,370.704204032271,441.8657772387228,216.68301210162207,311.044245542673,365.9170674815285,324.29872579947926,379.54895956828136
2022-08,522.2506269492209,578.9124927646279,573.0559203867739,342.8583854570781,440.1594606057861,414.39419289594616,379.7007327443819,376.0212138408556,449.40551096978203,219.04763078996749,315.58801093858136,371.4005274653137,328.6960073300038,385.1782204317607
2022-09,529.6713811682541,587.9404911952607,581.9911714620335,346.1491406615051,443.9194640371636,419.60118699447446,384.2365389200594,382.2234829302688,457.2281527979056,221.23576891538283,320.1614009532592,376.5885675049134,333.8791210139236,391.26695247602134
2022-10,537.433891824414,595.7175611079043,589.6406003239775,349.4547476065135,448.41580608176474,424.94858489536205,389.5667590017879,388.80802604557863,465.06825273441865,223.44510983530844,324.6050640187457,382.1006696911997,338.5211464901198,397.46963164343276
2022-11,545.6198622897277,604.6562526687175,598.427767383126,353.4955419478571,454.41526784401236,430.72023006443067,395.21362906544863,395.27802667996366,474.02129774880075,224.77896864081495,326.16182713686584,389.43336114326206,343.45451919355423,404.27324441718395
2022-12,553.8404430040434,616.703418154108,610.2436494776583,357.702260044236,460.79038754480706,436.8984517589406,400.9313794830746,401.90894428505965,483.5988397250277,226.15791560041689,327.9791521271655,397.1322787206689,348.8654179116343,411.3964622655602
2023-01,562.3524225275829,630.352652260082,623.6320204543904,362.13741889861717,467.45658015759705,443.5830063285699,406.96258959518474,408.9002810250411,494.5272382102313,227.59591041782784,330.4541168966132,405.4234377546162,354.5764851282219,418.8077766298438
2023-02,570.8270740798841,643.4761370213955,636.5019571810307,366.21393389143657,474.3543578266349,449.7324947831172,412.9944784934762,416.18730439844626,503.6959827445066,228.99853043924338,332.6858585125139,413.3804367018919,360.547463679843,426.460330741264
2023-03,579.7659008719841,657.926636153623,650.6621657053938,370.83565789626505,481.37472112455424,456.2060004759728,419.0961222882785,423.6682549061412,516.1430227278194,230.85037395803232,335.42404541630935,422.05452867274875,366.8333808070901,434.4104201359798
2023-04,588.8671036990615,673.0494744383777,665.4827493374929,375.5562440373694,488.66501344095917,462.8845870335974,425.4381933587321,431.435303636121,529.0987525504901,232.78713972646034,338.31705549081926,431.1500281683709,373.30736656451876,442.5271103375974
2023-05,598.160528733992,688.8496472477541,681.0041932608975,380.53844071443376,496.23726123978946,469.80588375155895,432.547687494786,440.16462707156717,542.427321566194,234.71878901055612,341.3962587683642,439.4890613410162,379.8439924671501,451.01584335945904
2023-06,610.288446668355,706.6113883370222,698.4142141701293,386.04923721261423,504.9646838325811,477.636544880746,440.10696974533164,449.9199157450047,557.8667388298895,236.80640061331255,345.3425959579831,448.9817078580336,387.3004040607302,459.8205057805169
2023-07,618.6259529590565,732.4285124580667,723.7402163980322,392.93668586747384,509.02187364551054,491.1041943185737,446.479406791823,459.21164506944007,576.5656502393201,237.22774397864077,347.62739937912914,454.4210710798324,399.7117547540167,465.4304466470318
2023-08,625.8191822929366,762.0385721681793,752.7682269243824,399.3679750137409,513.8692947442646,506.5324445957117,453.6299583240493,470.0549061994313,590.6767848876048,237.38628311311396,349.8725283027444,458.9437938948964,413.7863444382018,472.6019147934845
2023-09,644.5391928796627,782.3035916573444,772.6047668842141,403.52355490812,518.8839111832887,516.6400108803605,457.7262740263134,478.53581593786924,601.6325939535453,237.80528523629044,351.1677082705089,467.6549573503901,424.78077859775306,479.8977392489596
2023-10,658.9994729889235,798.0066195302951,788.0722835536675,410.33366445680576,524.4596295542982,525.9532736112499,463.23016786557196,487.28964959816,611.2185792117481,239.02281122920843,353.29372673287435,473.39462730543636,431.4849921590239,487.2290398851226
2023-11,673.469442465671,818.3379566534567,808.0496928966219,415.26456262307124,531.5612845317883,537.2602451913933,468.91921487409786,497.5672876905557,622.9367794962297,240.3985977959469,356.36456274374893,478.8378826919618,438.2360527598117,494.2809260887037
2023-12,688.1743817011622,841.6647942363207,830.9105017137773,420.2604862144967,539.7151660448221,550.1288904606611,477.41574925587554,505.23945126831376,632.3252007224193,241.2440892316958,358.2374275952928,481.8931209302765,446.21104804636207,500.57000224539695
2023-01,708.8563466573222,869.5602541041134,858.2670287545682,429.0521851944791,547.7216974237101,563.2400041519471,484.20278448643165,517.1185645868685,641.7862582747796,241.66804628361388,359.60506854397266,488.2040086085262,453.2579277974359,507.76891523687186
2023-02,741.9076501506106,903.4617190421185,891.6339091385429,438.4123536955626,554.781812921674,577.701344103286,494.0583489586911,528.1593220354816,653.8785151273764,241.97374965722946,363.10580768048584,495.1501083653191,462.6547414018439,518.0200901640574
2023-03,777.0389779379282,938.560659436761,926.0901907672076,449.2712325886268,561.681826543985,593.0130365918164,502.0967688080699,537.9024997221894,667.2235382242609,242.2234210760089,366.25836724527164,501.3936717705053,477.30292125857164,527.1686669465921
2023-04,797.7190804961077,966.9196992004132,954.0530770498733,461.4788411893559,568.0822551889444,608.1466744881614,512.058507017966,545.1135754359757,683.5125810447549,243.11543899591237,369.3586831042041,508.6909351106684,490.0935966279191,536.3247162025868
2023-05,815.5184979990676,991.4161757039133,978.276890017185,471.1259875352903,576.6245766538134,622.2398947129132,519.9503707943559,552.5760343159532,701.280756342126,243.78395610465543,371.5275013539408,516.3999403437188,502.30886401141845,546.8566414921428
2023-06,841.8677901872937,1018.3435643238786,1004.7661924550614,481.55482871924426,584.4629378469151,637.1995814617379,528.6997718146986,560.0196472527308,718.9326122883034,244.0278063790273,375.11845511716695,523.2454964477436,517.2512618357257,558.2984655864233
2023-07,870.2494728102839,1045.6673218083342,1031.7398334179522,493.8050705348754,595.0174679686392,650.9337301018342,539.0053002867563,570.3711725963043,738.066942139506,244.3607424532556,378.4619530175584,530.6182018668488,528.9393324337811,570.2610069482399
2023-08,894.7220864461488,1072.6073719306767,1058.347109011989,506.81818429589924,604.6982686153806,663.8639686203793,549.4781941004786,579.6937577044149,760.2487468494016,244.63345050234614,381.0218845872961,538.2425511978151,545.2849563499326,581.1959573103386
2023-09,929.0958034977807,1102.610358752768,1087.960450000044,520.6290589462083,615.1958028601977,680.1893503455932,563.1081004339079,589.6607126477934,784.745067748511,245.0573108649288,385.21011569483943,550.1258353831056,564.187010787274,595.7256060371215
2023-10,960.8895207812132,1136.5388025829586,1121.3931861687468,534.3412871336591,625.8011960501441,693.5389486346565,575.0865590405942,600.5097156260091,809.7267311947065,246.13737070416886,388.8925681756517,561.8567174017733,585.021834753243,609.9147504014536
2023-11,993.2786083297541,1172.1240635837155,1156.3798642701872,548.2854950387936,638.7452661173335,707.4738313999583,585.2583057633345,611.5414831953071,833.8234060909406,246.50079962350517,391.8764028514515,572.9009943228078,603.5396824284844,623.2482718003191
2023-12,1009.9921404300602,1204.4120598856744,1188.186306701692,564.086455636106,651.6131228700038,723.9881695909692,595.6991970303947,624.3258925185368,855.4242217287543,246.71669223808863,395.8406802841035,583.5658558032196,619.0672130168168,637.5601203164501
